time,flux,flux_err,time_original,timecorr,cadenceno,centroid_col,centroid_row,sap_flux,sap_flux_err,sap_bkg,sap_bkg_err,pdcsap_flux,pdcsap_flux_err,quality,psf_centr1,psf_centr1_err,psf_centr2,psf_centr2_err,mom_centr1,mom_centr1_err,mom_centr2,mom_centr2_err,pos_corr1,pos_corr2
-0.18250570641976083,0.9994655312069737,0.0007908770625428005,1810.1460106928037,1.8796244e-03,419536,1150.38526,1513.12082,3.0217883e+04,2.3700197e+01,3.1097922e+03,1.0558964e+01,3.1568129e+04,2.4979860e+01,0,nan,nan,nan,nan,1150.38526,7.6414022e-04,1513.12082,6.5289607e-04,1.7929155e-02,1.8250212e-02
-0.18111684268092176,1.0013590669670127,0.0007898269400550624,1810.1473995565425,1.8795999e-03,419537,1150.38253,1513.12152,3.0276920e+04,2.3668425e+01,3.1165339e+03,1.0547328e+01,3.1627531e+04,2.4946371e+01,0,nan,nan,nan,nan,1150.38253,7.5969484e-04,1513.12152,6.4859621e-04,1.7206937e-02,1.9293329e-02
-0.17972797894185533,1.0000056960121833,0.0007888799713133094,1810.1487884202816,1.8795753e-03,419538,1150.38730,1513.12308,3.0202945e+04,2.3639751e+01,3.1150447e+03,1.0541714e+01,3.1584391e+04,2.4916151e+01,0,nan,nan,nan,nan,1150.38730,7.6112192e-04,1513.12308,6.5027532e-04,2.0841671e-02,2.1148639e-02
-0.17833911508591882,0.9995381882747135,0.0007897999315297564,1810.1501772841375,1.8795509e-03,419539,1150.38336,1513.11860,3.0213086e+04,2.3667032e+01,3.1107290e+03,1.0573815e+01,3.1569242e+04,2.4944904e+01,0,nan,nan,nan,nan,1150.38336,7.6142891e-04,1513.11860,6.5037474e-04,1.7191684e-02,1.6448107e-02
-0.1769502513459429,0.999599963786142,0.0007902170141364611,1810.1515661478775,1.8795263e-03,419540,1150.38044,1513.11711,3.0223680e+04,2.3679243e+01,3.1137224e+03,1.0587976e+01,3.1570812e+04,2.4957777e+01,0,nan,nan,nan,nan,1150.38044,7.6357962e-04,1513.11711,6.4906228e-04,1.3798714e-02,1.4309485e-02
-0.17556138749000638,0.9993642157718823,0.0007896989301738846,1810.1529550117334,1.8795019e-03,419541,1150.38278,1513.12124,3.0215361e+04,2.3663441e+01,3.1268193e+03,1.0563549e+01,3.1562994e+04,2.4941120e+01,0,nan,nan,nan,nan,1150.38278,7.6088420e-04,1513.12124,6.5005990e-04,1.6998490e-02,1.9559812e-02
-0.17417252375093994,1.0002458910231016,0.0007918308509750368,1810.1543438754725,1.8794773e-03,419542,1150.38502,1513.12101,3.0218547e+04,2.3727047e+01,3.1156621e+03,1.0581590e+01,3.1590473e+04,2.5008162e+01,0,nan,nan,nan,nan,1150.38502,7.6308812e-04,1513.12101,6.5403176e-04,1.7771399e-02,1.9563308e-02
-0.17278366001141876,0.9995790421585743,0.0007892392365942515,1810.155732739212,1.8794527e-03,419543,1150.38434,1513.12406,3.0211221e+04,2.3649118e+01,3.1195352e+03,1.0534931e+01,3.1569051e+04,2.4926025e+01,0,nan,nan,nan,nan,1150.38434,7.6132733e-04,1513.12406,6.4990926e-04,1.8278062e-02,2.2032589e-02
-0.17139479615548225,1.0008459120278708,0.0007900013081018415,1810.157121603068,1.8794283e-03,419544,1150.38276,1513.11665,3.0247613e+04,2.3671680e+01,3.1150862e+03,1.0549596e+01,3.1608693e+04,2.4949806e+01,0,nan,nan,nan,nan,1150.38276,7.6251198e-04,1513.11665,6.4925605e-04,1.5990306e-02,1.3929396e-02
-0.17000593241596107,1.0003375726858974,0.0007894947245708949,1810.1585104668075,1.8794037e-03,419545,1150.38527,1513.12339,3.0230211e+04,2.3656233e+01,3.1162468e+03,1.0560853e+01,3.1592281e+04,2.4933521e+01,0,nan,nan,nan,nan,1150.38527,7.6087087e-04,1513.12339,6.4863201e-04,2.0939508e-02,2.1108244e-02
-0.16861706856002456,1.0001706972448126,0.0007900226093359531,1810.1598993306634,1.8793793e-03,419546,1150.38466,1513.12740,3.0222223e+04,2.3671780e+01,3.1146145e+03,1.0609727e+01,3.1586648e+04,2.4949907e+01,0,nan,nan,nan,nan,1150.38466,7.5998344e-04,1513.12740,6.4867653e-04,1.9324692e-02,2.5592053e-02
-0.16722820482050338,0.9998199213273141,0.0007898409844619582,1810.161288194403,1.8793547e-03,419547,1150.37999,1513.11710,3.0209885e+04,2.3666063e+01,3.1193020e+03,1.0572584e+01,3.1575207e+04,2.4943884e+01,0,nan,nan,nan,nan,1150.37999,7.6209335e-04,1513.11710,6.5008743e-04,1.3779447e-02,1.3854275e-02
-0.1658393410809822,0.9992209423582095,0.0007889490927501955,1810.1626770581424,1.8793301e-03,419548,1150.38145,1513.11862,3.0213086e+04,2.3639067e+01,3.1207485e+03,1.0534603e+01,3.1555924e+04,2.4915430e+01,0,nan,nan,nan,nan,1150.38145,7.6029729e-04,1513.11862,6.4885383e-04,1.5294446e-02,1.7077120e-02
-0.16445047722550044,0.999275870705625,0.0007887838301605225,1810.164065921998,1.8793057e-03,419549,1150.38198,1513.12462,3.0195025e+04,2.3633837e+01,3.1122222e+03,1.0532948e+01,3.1557291e+04,2.4909920e+01,0,nan,nan,nan,nan,1150.38198,7.6154363e-04,1513.12462,6.4873311e-04,1.5326740e-02,2.2412958e-02
-0.16306161348597925,1.0006344293484821,0.0007898634597649024,1810.1654547857374,1.8792811e-03,419550,1150.38785,1513.12960,3.0237256e+04,2.3665909e+01,3.1203770e+03,1.0580977e+01,3.1599824e+04,2.4943722e+01,0,nan,nan,nan,nan,1150.38785,7.6066598e-04,1513.12960,6.4898730e-04,2.1434492e-02,2.8312642e-02
-0.16167274974554857,1.0003781001813676,0.0007900192294282232,1810.1668436494779,1.8792566e-03,419551,1150.38551,1513.12371,3.0211279e+04,2.3670294e+01,3.1263850e+03,1.0546362e+01,3.1591352e+04,2.4948343e+01,0,nan,nan,nan,nan,1150.38551,7.6175586e-04,1513.12371,6.5131520e-04,1.9708335e-02,2.0946192e-02
-0.16028388588961207,1.0000248938764444,0.000789180231778193,1810.1682325133338,1.8792321e-03,419552,1150.38448,1513.11307,3.0223818e+04,2.3644873e+01,3.1161003e+03,1.0542058e+01,3.1579816e+04,2.4921549e+01,0,nan,nan,nan,nan,1150.38448,7.6069485e-04,1513.11307,6.4958539e-04,1.7378731e-02,1.0063293e-02
-0.15889502215100038,0.9999991981500616,0.0007902481355239126,1810.1696213770724,1.8792076e-03,419553,1150.37561,1513.11898,3.0207105e+04,2.3676577e+01,3.1156763e+03,1.0558947e+01,3.1578623e+04,2.4954966e+01,0,nan,nan,nan,nan,1150.37561,7.6279102e-04,1513.11898,6.5177656e-04,7.7359234e-03,1.6873701e-02
-0.15750615841193394,0.999381532014822,0.0007886901555724815,1810.1710102408115,1.8791830e-03,419554,1150.38292,1513.12138,3.0203832e+04,2.3629604e+01,3.1085796e+03,1.0525080e+01,3.1558721e+04,2.4905457e+01,0,nan,nan,nan,nan,1150.38292,7.6120079e-04,1513.12138,6.4872438e-04,1.6560962e-02,1.8685924e-02
-0.1561172945553153,1.0015916974299688,0.0007906427691167801,1810.172399104668,1.8791585e-03,419555,1150.38911,1513.12702,3.0267879e+04,2.3687805e+01,3.1136384e+03,1.0599137e+01,3.1628115e+04,2.4966801e+01,0,nan,nan,nan,nan,1150.38911,7.6060451e-04,1513.12702,6.4880983e-04,2.3110213e-02,2.4651734e-02
-0.154728430815112,0.9998834499847891,0.000791139416531398,1810.1737879684083,1.8791340e-03,419556,1150.38334,1513.12354,3.0218688e+04,2.3702383e+01,3.1194685e+03,1.0553337e+01,3.1573770e+04,2.4982164e+01,0,nan,nan,nan,nan,1150.38334,7.6385331e-04,1513.12354,6.5312471e-04,1.6857080e-02,2.1272101e-02
-0.15333956707604557,0.9996591613302112,0.0007899568585979523,1810.1751768321474,1.8791094e-03,419557,1150.38070,1513.12457,3.0214844e+04,2.3666643e+01,3.1145732e+03,1.0545362e+01,3.1566275e+04,2.4944496e+01,0,nan,nan,nan,nan,1150.38070,7.6303713e-04,1513.12457,6.5060577e-04,1.4039578e-02,2.3169696e-02
-0.15195070322101856,0.9985325473292297,0.0007889812736548424,1810.1765656960024,1.8790850e-03,419558,1150.37651,1513.11585,3.0160535e+04,2.3637102e+01,3.1156670e+03,1.0529350e+01,3.1530279e+04,2.4913359e+01,0,nan,nan,nan,nan,1150.37651,7.6405820e-04,1513.11585,6.5096235e-04,9.5103309e-03,1.2890559e-02
-0.15056183948149737,0.9999635248927382,0.0007899287533017131,1810.177954559742,1.8790604e-03,419559,1150.38423,1513.12602,3.0214420e+04,2.3665169e+01,3.1230732e+03,1.0575461e+01,3.1575039e+04,2.4942942e+01,0,nan,nan,nan,nan,1150.38423,7.6150778e-04,1513.12602,6.4920535e-04,1.8501120e-02,2.4873612e-02
-0.1491729757410667,1.0009228072533347,0.0007895897970773614,1810.1793434234824,1.8790358e-03,419560,1150.38724,1513.11619,3.0246953e+04,2.3654686e+01,3.1123704e+03,1.0551560e+01,3.1604893e+04,2.4931892e+01,0,nan,nan,nan,nan,1150.38724,7.6037034e-04,1513.11619,6.4809201e-04,2.2260889e-02,1.3487519e-02
-0.1477841118851302,0.998941639241061,0.0007892216475096417,1810.1807322873383,1.8790114e-03,419561,1150.38237,1513.12808,3.0194867e+04,2.3643326e+01,3.1187446e+03,1.0523656e+01,3.1541893e+04,2.4919920e+01,0,nan,nan,nan,nan,1150.38237,7.6216861e-04,1513.12808,6.4970326e-04,1.6215874e-02,2.7310221e-02
-0.14639524814606375,0.9998193822668956,0.0007896331116291135,1810.1821211510774,1.8789868e-03,419562,1150.37985,1513.12331,3.0201992e+04,2.3655315e+01,3.1213867e+03,1.0554799e+01,3.1569160e+04,2.4932556e+01,0,nan,nan,nan,nan,1150.37985,7.6170149e-04,1513.12331,6.4996787e-04,1.4146331e-02,2.1567555e-02
-0.14500638440654257,1.000727254935619,0.0007919286625058592,1810.1835100148169,1.8789623e-03,419563,1150.38764,1513.11922,3.0240445e+04,2.3723742e+01,3.1108455e+03,1.0587185e+01,3.1597361e+04,2.5004675e+01,0,nan,nan,nan,nan,1150.38764,7.6395046e-04,1513.11922,6.5310061e-04,2.1924421e-02,1.6736090e-02
-0.14361752066702138,0.9998640472306546,0.0007907959722746458,1810.1848988785564,1.8789377e-03,419564,1150.38252,1513.12626,3.0222488e+04,2.3689455e+01,3.1306062e+03,1.0590234e+01,3.1569639e+04,2.4968540e+01,0,nan,nan,nan,nan,1150.38252,7.6216273e-04,1513.12626,6.5012922e-04,1.8370084e-02,2.4987478e-02
-0.14222865681108487,1.0018207844015266,0.000790104077440359,1810.1862877424123,1.8789133e-03,419565,1150.38485,1513.11307,3.0274842e+04,2.3668375e+01,3.1214448e+03,1.0529552e+01,3.1630949e+04,2.4946320e+01,0,nan,nan,nan,nan,1150.38485,7.6050078e-04,1513.11307,6.4875477e-04,1.8101027e-02,9.4748447e-03
-0.1408397930715637,1.0011078070790886,0.0007900631510396287,1810.1876766061519,1.8788887e-03,419566,1150.38289,1513.13478,3.0253115e+04,2.3666784e+01,3.1265378e+03,1.0543214e+01,3.1607955e+04,2.4944645e+01,0,nan,nan,nan,nan,1150.38289,7.6125038e-04,1513.13478,6.4908556e-04,1.6400419e-02,3.2777056e-02
-0.1394509293320425,0.9995799225242414,0.000789624115904757,1810.1890654698914,1.8788641e-03,419567,1150.38708,1513.11579,3.0199656e+04,2.3653269e+01,3.1145205e+03,1.0556920e+01,3.1559223e+04,2.4930397e+01,0,nan,nan,nan,nan,1150.38708,7.6222717e-04,1513.11579,6.5072009e-04,2.0740097e-02,1.2526646e-02
-0.13806206559252132,0.9996560196388896,0.0007893734741069952,1810.190454333631,1.8788396e-03,419568,1150.38779,1513.13409,3.0174371e+04,2.3645384e+01,3.1267761e+03,1.0542687e+01,3.1561127e+04,2.4922089e+01,0,nan,nan,nan,nan,1150.38779,7.6197746e-04,1513.13409,6.5102812e-04,2.1605719e-02,3.3372164e-02
-0.13667320173703956,1.0001033154368195,0.0007903791855987188,1810.1918431974864,1.8788151e-03,419569,1150.38156,1513.11705,3.0189822e+04,2.3675131e+01,3.1235781e+03,1.0572892e+01,3.1574740e+04,2.4953440e+01,0,nan,nan,nan,nan,1150.38156,7.6125609e-04,1513.11705,6.5180176e-04,1.4733460e-02,1.4460821e-02
-0.13528433799751838,1.000681337848922,0.0007899060460912788,1810.193232061226,1.8787906e-03,419570,1150.38157,1513.12372,3.0223746e+04,2.3660574e+01,3.1101655e+03,1.0532652e+01,3.1592477e+04,2.4938097e+01,0,nan,nan,nan,nan,1150.38157,7.6412514e-04,1513.12372,6.4984296e-04,1.4204968e-02,2.1974087e-02
-0.13389547425754245,0.9989458244208995,0.0007901713196650315,1810.1946209249659,1.8787660e-03,419571,1150.38814,1513.11690,3.0195375e+04,2.3668125e+01,3.1110732e+03,1.0564466e+01,3.1537164e+04,2.4946058e+01,0,nan,nan,nan,nan,1150.38814,7.6197030e-04,1513.11690,6.5071112e-04,2.2990296e-02,1.4272763e-02
-0.13250661051802126,1.001269496235926,0.0007895964319162795,1810.1960097887054,1.8787414e-03,419572,1150.38114,1513.12974,3.0250965e+04,2.3650509e+01,3.1217227e+03,1.0539244e+01,3.1609992e+04,2.4927490e+01,0,nan,nan,nan,nan,1150.38114,7.6066435e-04,1513.12974,6.4865081e-04,1.4341309e-02,2.8846746e-02
-0.1311177466625395,0.9999253443693222,0.0007906439493498919,1810.1973986525609,1.8787170e-03,419573,1150.38400,1513.11870,3.0211348e+04,2.3681484e+01,3.1066973e+03,1.0600286e+01,3.1567023e+04,2.4960136e+01,0,nan,nan,nan,nan,1150.38400,7.6140085e-04,1513.11870,6.5028883e-04,1.7091343e-02,1.7621035e-02
-0.1297288829239278,1.0002724873518918,0.000790501840992461,1810.1987875162995,1.8786924e-03,419574,1150.38390,1513.11846,3.0221840e+04,2.3676821e+01,3.1206443e+03,1.0606091e+01,3.1577436e+04,2.4955223e+01,0,nan,nan,nan,nan,1150.38390,7.6063181e-04,1513.11846,6.4892304e-04,1.7536487e-02,1.5418573e-02
-0.12834001918349713,0.9989258409308008,0.0007890468548943107,1810.20017638004,1.8786679e-03,419575,1150.38653,1513.12983,3.0184154e+04,2.3632833e+01,3.1166702e+03,1.0536039e+01,3.1534377e+04,2.4908857e+01,0,nan,nan,nan,nan,1150.38653,7.6120428e-04,1513.12983,6.5023336e-04,1.9796217e-02,2.8544474e-02
-0.12695115544306645,1.0002166333311895,0.0007892394570568628,1810.2015652437804,1.8786433e-03,419576,1150.38217,1513.10612,3.0217566e+04,2.3638182e+01,3.1078801e+03,1.0542128e+01,3.1574566e+04,2.4914497e+01,0,nan,nan,nan,nan,1150.38217,7.6046906e-04,1513.10612,6.4888969e-04,1.5490515e-02,1.7020582e-03
-0.12556229170445476,0.9992508461694976,0.0007895172465426212,1810.202954107519,1.8786187e-03,419577,1150.38448,1513.13320,3.0200799e+04,2.3646080e+01,3.1193010e+03,1.0557472e+01,3.1543518e+04,2.4922823e+01,0,nan,nan,nan,nan,1150.38448,7.6141953e-04,1513.13320,6.4910157e-04,1.8572347e-02,3.2279573e-02
-0.124173427848973,0.9990655245396332,0.0007892079852765957,1810.2043429713744,1.8785943e-03,419578,1150.38692,1513.12019,3.0168834e+04,2.3636396e+01,3.1186619e+03,1.0538205e+01,3.1537104e+04,2.4912615e+01,0,nan,nan,nan,nan,1150.38692,7.6174486e-04,1513.12019,6.5070816e-04,2.1377770e-02,1.7509494e-02
-0.12278456410945182,1.000956695383232,0.0007903185034247291,1810.205731835114,1.8785697e-03,419579,1150.38513,1513.12703,3.0207814e+04,2.3669226e+01,3.1195881e+03,1.0541431e+01,3.1596229e+04,2.4947216e+01,0,nan,nan,nan,nan,1150.38513,7.6086447e-04,1513.12703,6.5223500e-04,1.8421404e-02,2.4978064e-02
-0.12139570036924852,0.9987396195798988,0.0007902402764904149,1810.2071206988542,1.8785452e-03,419580,1150.38338,1513.12130,3.0145752e+04,2.3666447e+01,3.1150750e+03,1.0565622e+01,3.1525666e+04,2.4944288e+01,0,nan,nan,nan,nan,1150.38338,7.6302123e-04,1513.12130,6.5298344e-04,1.6126676e-02,1.9000584e-02
-0.12000683662949996,0.9988334832853849,0.0007900175945060757,1810.208509562594,1.8785206e-03,419581,1150.38625,1513.12645,3.0168266e+04,2.3659340e+01,3.1214026e+03,1.0532152e+01,3.1528047e+04,2.4936800e+01,0,nan,nan,nan,nan,1150.38625,7.6242769e-04,1513.12645,6.5160653e-04,1.9755013e-02,2.5103966e-02
-0.11861797289088827,0.999528358377374,0.0007905142352493999,1810.2098984263325,1.8784960e-03,419582,1150.38808,1513.12337,3.0201742e+04,2.3673775e+01,3.1210996e+03,1.0570120e+01,3.1549391e+04,2.4952011e+01,0,nan,nan,nan,nan,1150.38808,7.6242426e-04,1513.12337,6.5052690e-04,2.2686632e-02,2.2593593e-02
-0.11722910915136708,1.0000310300195905,0.0007900331062070114,1810.211287290072,1.8784715e-03,419583,1150.37648,1513.11681,3.0201980e+04,2.3658922e+01,3.1161016e+03,1.0582030e+01,3.1564668e+04,2.4936357e+01,0,nan,nan,nan,nan,1150.37648,7.6156197e-04,1513.11681,6.4931071e-04,9.2266230e-03,1.4366617e-02
-0.11584024529543058,0.9999290281887989,0.0007908588024449392,1810.212676153928,1.8784470e-03,419584,1150.39296,1513.12250,3.0206160e+04,2.3683205e+01,3.1129529e+03,1.0545261e+01,3.1560852e+04,2.4961950e+01,0,nan,nan,nan,nan,1150.39296,7.6411257e-04,1513.12250,6.5224490e-04,2.6938869e-02,2.0213509e-02
-0.11445138155590939,1.0001920035097214,0.0007907507193803215,1810.2140650176675,1.8784225e-03,419585,1150.37692,1513.11163,3.0216762e+04,2.3679516e+01,3.1075771e+03,1.0546229e+01,3.1568553e+04,2.4958063e+01,0,nan,nan,nan,nan,1150.37692,7.6335826e-04,1513.11163,6.5149995e-04,1.1384384e-02,8.6057102e-03
-0.11306251781638821,1.0000075286895254,0.0007902551917087072,1810.215453881407,1.8783979e-03,419586,1150.38748,1513.11997,3.0188926e+04,2.3664227e+01,3.1097969e+03,1.0607594e+01,3.1562131e+04,2.4941948e+01,0,nan,nan,nan,nan,1150.38748,7.6175644e-04,1513.11997,6.4949360e-04,2.0717772e-02,1.7329495e-02
-0.11167365407663965,1.00029521310677,0.0007904741807151401,1810.2168427451468,1.8783733e-03,419587,1150.38259,1513.12251,3.0210885e+04,2.3670330e+01,3.1172820e+03,1.0542734e+01,3.1570604e+04,2.4948381e+01,0,nan,nan,nan,nan,1150.38259,7.6137367e-04,1513.12251,6.5163756e-04,1.6669152e-02,2.0731628e-02
-0.11028479033689109,0.9992746378461538,0.0007901392127311581,1810.2182316088865,1.8783488e-03,419588,1150.38484,1513.12401,3.0176826e+04,2.3659847e+01,3.1251160e+03,1.0598166e+01,3.1537787e+04,2.4937330e+01,0,nan,nan,nan,nan,1150.38484,7.6179759e-04,1513.12401,6.4977258e-04,1.9090354e-02,2.1865299e-02
-0.1088959265982794,0.9999186783627619,0.0007891689161848735,1810.2196204726251,1.8783242e-03,419589,1150.38215,1513.12591,3.0205188e+04,2.3630333e+01,3.1196936e+03,1.0528070e+01,3.1557502e+04,2.4906225e+01,0,nan,nan,nan,nan,1150.38215,7.6088484e-04,1513.12591,6.4851437e-04,1.5609071e-02,2.2516469e-02
-0.10750706285875822,0.9990198953952186,0.0007898308550102068,1810.2210093363647,1.8782996e-03,419590,1150.38589,1513.12050,3.0165531e+04,2.3649698e+01,3.1152473e+03,1.0563003e+01,3.1528527e+04,2.4926634e+01,0,nan,nan,nan,nan,1150.38589,7.6217647e-04,1513.12050,6.5055228e-04,1.9284867e-02,1.8492300e-02
-0.10611819911832754,1.0001517588731526,0.0007907031047215882,1810.222398200105,1.8782751e-03,419591,1150.38538,1513.11671,3.0210473e+04,2.3675354e+01,3.1210984e+03,1.0552117e+01,3.1563633e+04,2.4953676e+01,0,nan,nan,nan,nan,1150.38538,7.6183560e-04,1513.11671,6.5063563e-04,1.8739536e-02,1.3893491e-02
-0.10472933526239103,1.0006643979294292,0.0007900134223379651,1810.223787063961,1.8782506e-03,419592,1150.38462,1513.12466,3.0217375e+04,2.3654247e+01,3.1225110e+03,1.0551742e+01,3.1579195e+04,2.4931427e+01,0,nan,nan,nan,nan,1150.38462,7.6117355e-04,1513.12466,6.4984290e-04,1.7553734e-02,2.3911275e-02
-0.10334047152355197,1.0008949689806248,0.0007913285809176108,1810.2251759276999,1.8782261e-03,419593,1150.37773,1513.12174,3.0228602e+04,2.3693159e+01,3.1237393e+03,1.0622800e+01,3.1585859e+04,2.4972443e+01,0,nan,nan,nan,nan,1150.37773,7.6220912e-04,1513.12174,6.4950145e-04,1.0931263e-02,2.0314664e-02
-0.1019516077847129,1.0005836962148584,0.0007906697078588208,1810.2265647914387,1.8782015e-03,419594,1150.38819,1513.12314,3.0226682e+04,2.3672972e+01,3.1299045e+03,1.0604980e+01,3.1575420e+04,2.4951164e+01,0,nan,nan,nan,nan,1150.38819,7.6002988e-04,1513.12314,6.4853899e-04,2.2560401e-02,2.1826461e-02
-0.10056274404428223,1.00004526487905,0.0007905449289797392,1810.2279536551791,1.8781769e-03,419595,1150.38699,1513.13065,3.0199045e+04,2.3668774e+01,3.1055542e+03,1.0568729e+01,3.1557814e+04,2.4946741e+01,0,nan,nan,nan,nan,1150.38699,7.6482724e-04,1513.13065,6.5058452e-04,1.9986676e-02,2.8989425e-02
-0.0991738803043063,1.000084869129637,0.0007893892465886651,1810.229342518919,1.8781524e-03,419596,1150.38516,1513.12294,3.0189781e+04,2.3633711e+01,3.1132266e+03,1.0536390e+01,3.1558449e+04,2.4909786e+01,0,nan,nan,nan,nan,1150.38516,7.6145638e-04,1513.12294,6.4966595e-04,1.9069599e-02,2.1108873e-02
-0.09778501656523986,1.000705150802378,0.0007910624061198197,1810.2307313826582,1.8781278e-03,419597,1150.39080,1513.14055,3.0186971e+04,2.3683344e+01,3.1176523e+03,1.0580432e+01,3.1577406e+04,2.4962097e+01,0,nan,nan,nan,nan,1150.39080,7.6293509e-04,1513.14055,6.5285101e-04,2.4271369e-02,4.0593404e-02
-0.09639615282662817,1.0004779390429728,0.0007893813410919505,1810.2321202463968,1.8781032e-03,419598,1150.37716,1513.10898,3.0182521e+04,2.3632553e+01,3.1188711e+03,1.0540072e+01,3.1569621e+04,2.4908566e+01,0,nan,nan,nan,nan,1150.37716,7.6191331e-04,1513.10898,6.5045431e-04,9.1965022e-03,6.1816932e-03
-0.09500728908710698,1.0017917177316618,0.0007910767146953909,1810.2335091101363,1.8780787e-03,419599,1150.39480,1513.13051,3.0264988e+04,2.3682850e+01,3.1184521e+03,1.0540580e+01,3.1610465e+04,2.4961578e+01,0,nan,nan,nan,nan,1150.39480,7.6050818e-04,1513.13051,6.5064075e-04,2.8675565e-02,2.9571855e-02
-0.0936184253466763,1.000130120701337,0.0007892492703816613,1810.2348979738767,1.8780541e-03,419600,1150.37814,1513.11538,3.0166230e+04,2.3627686e+01,3.1195332e+03,1.0531675e+01,3.1557426e+04,2.4903433e+01,0,nan,nan,nan,nan,1150.37814,7.6204643e-04,1513.11538,6.5173907e-04,1.2437882e-02,1.2055889e-02
-0.09222956160715512,0.9993591470635501,0.0007894572639273053,1810.2362868376163,1.8780296e-03,419601,1150.38269,1513.11840,3.0168682e+04,2.3633455e+01,3.1170593e+03,1.0541459e+01,3.1532486e+04,2.4909513e+01,0,nan,nan,nan,nan,1150.38269,7.6135929e-04,1513.11840,6.5024605e-04,1.6074467e-02,1.5369915e-02
-0.09084069786808868,1.0010423360889036,0.000789622740328435,1810.2376757013553,1.8780050e-03,419602,1150.38412,1513.12329,3.0226562e+04,2.3637953e+01,3.1089910e+03,1.0520956e+01,3.1584990e+04,2.4914255e+01,0,nan,nan,nan,nan,1150.38412,7.6039328e-04,1513.12329,6.4954703e-04,1.8831771e-02,2.0071542e-02
-0.0894518341285675,0.9985253740755307,0.0007901834282170663,1810.2390645650948,1.8779804e-03,419603,1150.37979,1513.12855,3.0133475e+04,2.3654285e+01,3.1244646e+03,1.0562471e+01,3.1504967e+04,2.4931469e+01,0,nan,nan,nan,nan,1150.37979,7.6477934e-04,1513.12855,6.5161480e-04,1.3499375e-02,2.7784543e-02
-0.08806297038904631,0.9994752437316875,0.0007898353455148925,1810.2404534288344,1.8779559e-03,419604,1150.38987,1513.11364,3.0164955e+04,2.3643412e+01,3.1172678e+03,1.0567515e+01,3.1534336e+04,2.4920010e+01,0,nan,nan,nan,nan,1150.38987,7.6179212e-04,1513.11364,6.4987777e-04,2.3685215e-02,1.1312988e-02
-0.08667410664952513,1.0005388409207732,0.0007909134145241889,1810.241842292574,1.8779313e-03,419605,1150.38296,1513.11806,3.0215707e+04,2.3675232e+01,3.1037278e+03,1.0571651e+01,3.1567291e+04,2.4953548e+01,0,nan,nan,nan,nan,1150.38296,7.6018152e-04,1513.11806,6.5104070e-04,1.6881764e-02,1.5203487e-02
-0.08528524291000394,0.9992766009271938,0.0007898448865286789,1810.2432311563134,1.8779067e-03,419606,1150.38679,1513.12789,3.0184748e+04,2.3642799e+01,3.1230942e+03,1.0546792e+01,3.1526871e+04,2.4919365e+01,0,nan,nan,nan,nan,1150.38679,7.6199858e-04,1513.12789,6.4900302e-04,2.0550808e-02,2.6293661e-02
-0.08389637917048276,0.9994666974307943,0.0007908660686339166,1810.244620020053,1.8778822e-03,419607,1150.37783,1513.11850,3.0173393e+04,2.3672920e+01,3.1252297e+03,1.0579691e+01,3.1532273e+04,2.4951111e+01,0,nan,nan,nan,nan,1150.37783,7.6336955e-04,1513.11850,6.5120996e-04,1.0666215e-02,1.6703853e-02
-0.08250751543096158,0.9998617657915304,0.0007898286619370954,1810.2460088837925,1.8778576e-03,419608,1150.38815,1513.12321,3.0189750e+04,2.3641426e+01,3.1259548e+03,1.0545800e+01,3.1544146e+04,2.4917915e+01,0,nan,nan,nan,nan,1150.38815,7.6124852e-04,1513.12321,6.4929941e-04,2.2346972e-02,2.1113535e-02
-0.08111865169189514,1.00108393611094,0.0007901563875553422,1810.2473977475315,1.8778330e-03,419609,1150.38527,1513.12421,3.0210301e+04,2.3650795e+01,3.1084097e+03,1.0567075e+01,3.1582117e+04,2.4927790e+01,0,nan,nan,nan,nan,1150.38527,7.6108647e-04,1513.12421,6.4954435e-04,1.9207587e-02,2.3401152e-02
-0.07972978795237395,0.9998905691352707,0.0007902459272328235,1810.248786611271,1.8778085e-03,419610,1150.38719,1513.12082,3.0189404e+04,2.3653036e+01,3.1207346e+03,1.0559723e+01,3.1543885e+04,2.4930153e+01,0,nan,nan,nan,nan,1150.38719,7.6213875e-04,1513.12082,6.4968609e-04,2.1154111e-02,1.8387033e-02
-0.07834092421239802,1.0003476850695987,0.0007904679985613244,1810.250175475011,1.8777839e-03,419611,1150.38244,1513.12174,3.0199834e+04,2.3659248e+01,3.1196089e+03,1.0586740e+01,3.1557727e+04,2.4936701e+01,0,nan,nan,nan,nan,1150.38244,7.6118432e-04,1513.12174,6.4910628e-04,1.6175840e-02,1.9716727e-02
-0.07695206047264946,0.9995015715773927,0.0007902337417852544,1810.2515643387508,1.8777594e-03,419612,1150.38397,1513.11464,3.0172236e+04,2.3651806e+01,3.1265281e+03,1.0573462e+01,3.1530455e+04,2.4928856e+01,0,nan,nan,nan,nan,1150.38397,7.6203066e-04,1513.11464,6.5004569e-04,1.6943963e-02,1.1624146e-02
-0.0755631967338104,1.0011987306405217,0.0007908539708814911,1810.2529532024896,1.8777348e-03,419613,1150.38253,1513.11989,3.0231768e+04,2.3669939e+01,3.1128118e+03,1.0551085e+01,3.1583422e+04,2.4947969e+01,0,nan,nan,nan,nan,1150.38253,7.6361391e-04,1513.11989,6.4965209e-04,1.7160077e-02,1.7710630e-02
-0.07417433299474396,0.9999623827315354,0.000789556869290891,1810.2543420662287,1.8777102e-03,419614,1150.38184,1513.12530,3.0185680e+04,2.3630693e+01,3.1152192e+03,1.0531863e+01,3.1543854e+04,2.4906603e+01,0,nan,nan,nan,nan,1150.38184,7.6166115e-04,1513.12530,6.4945320e-04,1.4990057e-02,2.4367662e-02
-0.07278546925476803,0.9997562115950137,0.0007902423930691522,1810.2557309299686,1.8776857e-03,419615,1150.38604,1513.13071,3.0180922e+04,2.3650787e+01,3.1141072e+03,1.0554099e+01,3.1536785e+04,2.4927782e+01,0,nan,nan,nan,nan,1150.38604,7.6220266e-04,1513.13071,6.5013714e-04,2.0140273e-02,2.9416952e-02
-0.07139660551433735,0.9997864145892514,0.0007903496168221088,1810.257119793709,1.8776611e-03,419616,1150.38756,1513.12405,3.0154125e+04,2.3653580e+01,3.1244290e+03,1.0545196e+01,3.1537184e+04,2.4930723e+01,0,nan,nan,nan,nan,1150.38756,7.6284527e-04,1513.12405,6.5241975e-04,2.2273276e-02,2.2100527e-02
-0.07000774177572566,1.0005417736875084,0.0007898606632116023,1810.2585086574477,1.8776365e-03,419617,1150.37438,1513.12114,3.0196809e+04,2.3638531e+01,3.1228345e+03,1.0542495e+01,3.1560451e+04,2.4914864e+01,0,nan,nan,nan,nan,1150.37438,7.6108490e-04,1513.12114,6.4940134e-04,7.3548397e-03,1.9303503e-02
-0.06861887803665923,0.999643296366421,0.0007897729295612251,1810.2598975211868,1.8776120e-03,419618,1150.38929,1513.11019,3.0172141e+04,2.3635492e+01,3.1209490e+03,1.0540430e+01,3.1531562e+04,2.4911661e+01,0,nan,nan,nan,nan,1150.38929,7.6119503e-04,1513.11019,6.4959278e-04,2.4473939e-02,7.2210217e-03
-0.06723001429713804,0.9986027369934782,0.0007899047322006983,1810.2612863849263,1.8775874e-03,419619,1150.38512,1513.12816,3.0154955e+04,2.3639027e+01,3.1271975e+03,1.0549491e+01,3.1498197e+04,2.4915388e+01,0,nan,nan,nan,nan,1150.38512,7.6109555e-04,1513.12816,6.5016281e-04,1.9271865e-02,2.7032543e-02
-0.06584115055670736,0.9997057462446732,0.0007897149156114501,1810.2626752486667,1.8775628e-03,419620,1150.38551,1513.12916,3.0173625e+04,2.3632944e+01,3.1190247e+03,1.0526990e+01,3.1532451e+04,2.4908976e+01,0,nan,nan,nan,nan,1150.38551,7.6181430e-04,1513.12916,6.5016345e-04,1.8753974e-02,2.7766902e-02
-0.06445228681718618,1.0003555457994555,0.0007902599442760376,1810.2640641124062,1.8775383e-03,419621,1150.38457,1513.12041,3.0176951e+04,2.3648855e+01,3.1231382e+03,1.0554905e+01,3.1552410e+04,2.4925745e+01,0,nan,nan,nan,nan,1150.38457,7.6184334e-04,1513.12041,6.5034593e-04,1.8113172e-02,1.8304089e-02
-0.06306342307857449,1.0001780600349905,0.0007901734093941226,1810.2654529761448,1.8775137e-03,419622,1150.38138,1513.11587,3.0204174e+04,2.3645866e+01,3.1165239e+03,1.0537425e+01,3.1546285e+04,2.4922596e+01,0,nan,nan,nan,nan,1150.38138,7.6195167e-04,1513.11587,6.4983824e-04,1.4332164e-02,1.2949855e-02
-0.0616745593390533,0.9996430210266557,0.0007914023515157811,1810.2668418398844,1.8774892e-03,419623,1150.38766,1513.12483,3.0179506e+04,2.3682249e+01,3.1171221e+03,1.0604969e+01,3.1528883e+04,2.4960943e+01,0,nan,nan,nan,nan,1150.38766,7.6517352e-04,1513.12483,6.5021619e-04,2.1772014e-02,2.3135267e-02
-0.06028569559953212,0.9985535572918511,0.0007899762413303944,1810.2682307036239,1.8774646e-03,419624,1150.38257,1513.11217,3.0142262e+04,2.3639183e+01,3.1112544e+03,1.0550067e+01,3.1494002e+04,2.4915552e+01,0,nan,nan,nan,nan,1150.38257,7.6298509e-04,1513.11217,6.5080140e-04,1.5806355e-02,9.2034061e-03
-0.05889683185978356,0.9989856578051524,0.000790978954544582,1810.2696195673636,1.8774400e-03,419625,1150.38683,1513.12355,3.0148719e+04,2.3668802e+01,3.1252463e+03,1.0535702e+01,3.1507115e+04,2.4946770e+01,0,nan,nan,nan,nan,1150.38683,7.6258049e-04,1513.12355,6.5342133e-04,2.1031000e-02,2.1259880e-02
-0.057507968120035,1.0008558792621,0.0007900980060832381,1810.2710084311034,1.8774155e-03,419626,1150.38058,1513.12201,3.0196307e+04,2.3642059e+01,3.1191755e+03,1.0540965e+01,3.1565590e+04,2.4918583e+01,0,nan,nan,nan,nan,1150.38058,7.6161418e-04,1513.12201,6.4972311e-04,1.3408588e-02,2.0256078e-02
-0.05611910438051382,1.0006934387282262,0.0007907521680942305,1810.272397294843,1.8773909e-03,419627,1150.38308,1513.12379,3.0218676e+04,2.3661251e+01,3.1146323e+03,1.0562103e+01,3.1559965e+04,2.4938814e+01,0,nan,nan,nan,nan,1150.38308,7.6184201e-04,1513.12379,6.4976537e-04,1.6478421e-02,2.3463298e-02
-0.054730240757407955,0.9998674343687312,0.0007915013378978033,1810.273786158466,1.8773662e-03,419628,1150.38653,1513.12043,3.0185822e+04,2.3683298e+01,3.1244092e+03,1.0562390e+01,3.1533410e+04,2.4962048e+01,0,nan,nan,nan,nan,1150.38653,7.6423294e-04,1513.12043,6.5199868e-04,2.0884249e-02,1.7183945e-02
-0.053341377018796265,0.9991255476591937,0.0007906836491593743,1810.2751750222046,1.8773417e-03,419629,1150.37989,1513.11813,3.0140877e+04,2.3658457e+01,3.1222241e+03,1.0547168e+01,3.1509520e+04,2.4935867e+01,0,nan,nan,nan,nan,1150.37989,7.6304947e-04,1513.11813,6.5225974e-04,1.3994857e-02,1.5144805e-02
-0.05195251327927508,1.0005479539809268,0.0007908512342836765,1810.2765638859441,1.8773171e-03,419630,1150.38558,1513.12634,3.0200287e+04,2.3663101e+01,3.1252930e+03,1.0561270e+01,3.1553885e+04,2.4940763e+01,0,nan,nan,nan,nan,1150.38558,7.6234824e-04,1513.12634,6.5033743e-04,1.9357841e-02,2.4523068e-02
-0.0505636495388444,1.001109171536773,0.0007904754111766882,1810.2779527496846,1.8772925e-03,419631,1150.38411,1513.11897,3.0206789e+04,2.3651491e+01,3.1096460e+03,1.0535200e+01,3.1571100e+04,2.4928526e+01,0,nan,nan,nan,nan,1150.38411,7.6259405e-04,1513.11897,6.5026217e-04,1.6227007e-02,1.6629044e-02
-0.04917478579932322,1.0003313441456259,0.0007907888688526228,1810.279341613424,1.8772680e-03,419632,1150.38453,1513.12700,3.0207219e+04,2.3660513e+01,3.1167615e+03,1.0544483e+01,3.1546088e+04,2.4938032e+01,0,nan,nan,nan,nan,1150.38453,7.6359324e-04,1513.12700,6.4956909e-04,1.9304493e-02,2.4696592e-02
-0.04778592206025678,0.9997327889807667,0.0007907223989119576,1810.2807304771632,1.8772434e-03,419633,1150.38025,1513.11950,3.0183547e+04,2.3658165e+01,3.1138635e+03,1.0553722e+01,3.1526736e+04,2.4935558e+01,0,nan,nan,nan,nan,1150.38025,7.6263153e-04,1513.11950,6.4996840e-04,1.4309620e-02,1.7486021e-02
-0.04639705832164509,0.9993890091408855,0.0007902486028108532,1810.2821193409018,1.8772188e-03,419634,1150.38483,1513.12320,3.0162652e+04,2.3643635e+01,3.1211697e+03,1.0537780e+01,3.1515422e+04,2.4920244e+01,0,nan,nan,nan,nan,1150.38483,7.6220121e-04,1513.12320,6.5114442e-04,1.7140230e-02,2.0748364e-02
-0.04500819458121441,1.001502277242771,0.0007906404663161886,1810.2835082046422,1.8771943e-03,419635,1150.39537,1513.12255,3.0209467e+04,2.3655006e+01,3.1260229e+03,1.0553795e+01,3.1581594e+04,2.4932230e+01,0,nan,nan,nan,nan,1150.39537,7.6236529e-04,1513.12255,6.4981304e-04,3.1092897e-02,1.8014729e-02
-0.0436193309576538,0.9998122259387823,0.0007908043796335788,1810.2848970682658,1.8771696e-03,419636,1150.38109,1513.11696,3.0152816e+04,2.3659565e+01,3.1111338e+03,1.0579413e+01,3.1527836e+04,2.4937033e+01,0,nan,nan,nan,nan,1150.38109,7.6209736e-04,1513.11696,6.5186858e-04,1.3808114e-02,1.4692966e-02
-0.042230467218587364,0.9992159557943822,0.0007898498199022977,1810.2862859320048,1.8771450e-03,419637,1150.37704,1513.12465,3.0150816e+04,2.3630659e+01,3.1125671e+03,1.0528400e+01,3.1508570e+04,2.4906569e+01,0,nan,nan,nan,nan,1150.37704,7.6297583e-04,1513.12465,6.5030466e-04,1.0952817e-02,2.3568377e-02
-0.0408416034797483,0.9994035587754347,0.0007902558157832113,1810.2876747957437,1.8771205e-03,419638,1150.39024,1513.11752,3.0155979e+04,2.3642464e+01,3.1253862e+03,1.0570543e+01,3.1514031e+04,2.4919010e+01,0,nan,nan,nan,nan,1150.39024,7.6123676e-04,1513.11752,6.5025594e-04,2.4163287e-02,1.4442581e-02
-0.039452739739544995,1.0003444703068405,0.0007904767154922525,1810.2890636594839,1.8770959e-03,419639,1150.38555,1513.12853,3.0175836e+04,2.3648731e+01,3.1142151e+03,1.0526206e+01,3.1543248e+04,2.4925617e+01,0,nan,nan,nan,nan,1150.38555,7.6207949e-04,1513.12853,6.5139378e-04,1.9866254e-02,2.7367147e-02
-0.038063875999114316,0.999342002887964,0.0007903539527232048,1810.2904525232243,1.8770713e-03,419640,1150.38214,1513.12415,3.0147588e+04,2.3644724e+01,3.1088604e+03,1.0560898e+01,3.1511188e+04,2.4921392e+01,0,nan,nan,nan,nan,1150.38214,7.6225691e-04,1513.12415,6.5107469e-04,1.5540142e-02,2.2442285e-02
-0.036675012260502626,0.9989972184149862,0.0007902184272460252,1810.291841386963,1.8770468e-03,419641,1150.38765,1513.11010,3.0151068e+04,2.3640333e+01,3.1220835e+03,1.0545893e+01,3.1499871e+04,2.4916765e+01,0,nan,nan,nan,nan,1150.38765,7.6207722e-04,1513.11010,6.5074768e-04,2.0788338e-02,7.3956116e-03
-0.03528614863785151,0.9995445101693416,0.0007908550697317765,1810.2932302505856,1.8770221e-03,419642,1150.38395,1513.12245,3.0170115e+04,2.3659048e+01,3.1275947e+03,1.0554264e+01,3.1516688e+04,2.4936489e+01,0,nan,nan,nan,nan,1150.38395,7.6520588e-04,1513.12245,6.5093621e-04,1.8126426e-02,2.1000339e-02
-0.03389728489833033,0.9994653273912895,0.0007900844204519274,1810.294619114325,1.8769975e-03,419643,1150.38621,1513.11766,3.0156115e+04,2.3635664e+01,3.1293318e+03,1.0540339e+01,3.1513750e+04,2.4911842e+01,0,nan,nan,nan,nan,1150.38621,7.6238514e-04,1513.11766,6.5025815e-04,1.9741645e-02,1.4846580e-02
-0.03250842115812702,1.000123569627938,0.0007904168184915772,1810.2960079780653,1.8769730e-03,419644,1150.37901,1513.12285,3.0182328e+04,2.3645279e+01,3.1211042e+03,1.0563123e+01,3.1534066e+04,2.4921978e+01,0,nan,nan,nan,nan,1150.37901,7.6164235e-04,1513.12285,6.4963539e-04,1.1889231e-02,2.0881094e-02
-0.031119557418378463,0.9981743918561115,0.0007900681738233116,1810.297396841805,1.8769484e-03,419645,1150.38805,1513.11665,3.0125150e+04,2.3634523e+01,3.1157375e+03,1.0557478e+01,3.1472178e+04,2.4910641e+01,0,nan,nan,nan,nan,1150.38805,7.6366245e-04,1513.11665,6.5028376e-04,2.2457568e-02,1.4453614e-02
-0.029730693679766773,0.9989115565566483,0.0007901097653912563,1810.2987857055437,1.8769238e-03,419646,1150.38122,1513.12110,3.0149355e+04,2.3635445e+01,3.1121694e+03,1.0556726e+01,3.1494988e+04,2.4911612e+01,0,nan,nan,nan,nan,1150.38122,7.6206878e-04,1513.12110,6.4979971e-04,1.5457603e-02,1.8920513e-02
-0.02834183005666091,0.9994181096663292,0.0007898802049244583,1810.3001745691668,1.8768992e-03,419647,1150.38482,1513.12250,3.0161246e+04,2.3628256e+01,3.1093950e+03,1.0538810e+01,3.1510529e+04,2.4904034e+01,0,nan,nan,nan,nan,1150.38482,7.6134049e-04,1513.12250,6.4936711e-04,1.9067060e-02,2.2024969e-02
-0.026952966317139726,0.9994209640746564,0.0007904620411470983,1810.3015634329063,1.8768746e-03,419648,1150.38589,1513.12717,3.0151494e+04,2.3645340e+01,3.1180959e+03,1.0558951e+01,3.1510191e+04,2.4922041e+01,0,nan,nan,nan,nan,1150.38589,7.6208549e-04,1513.12717,6.5140706e-04,1.9491253e-02,2.5396159e-02
-0.02556410257761854,0.9984069790943051,0.0007897824632545418,1810.3029522966458,1.8768500e-03,419649,1150.38193,1513.12354,3.0129246e+04,2.3624693e+01,3.1235361e+03,1.0542819e+01,3.1477797e+04,2.4900278e+01,0,nan,nan,nan,nan,1150.38193,7.6264475e-04,1513.12354,6.5012183e-04,1.6482884e-02,2.1835525e-02
-0.024175238838097357,0.9983206362110969,0.0007898858664087733,1810.3043411603853,1.8768255e-03,419650,1150.38256,1513.11758,3.0126299e+04,2.3627464e+01,3.1245020e+03,1.0544600e+01,3.1474648e+04,2.4903202e+01,0,nan,nan,nan,nan,1150.38256,7.6259748e-04,1513.11758,6.5044564e-04,1.5658135e-02,1.4305871e-02
-0.02278637521476412,0.9974702282809446,0.0007901182282886599,1810.3057300240087,1.8768008e-03,419651,1150.38345,1513.12192,3.0111334e+04,2.3634100e+01,3.1318596e+03,1.0552116e+01,3.1447414e+04,2.4910194e+01,0,nan,nan,nan,nan,1150.38345,7.6279201e-04,1513.12192,6.5123494e-04,1.6614016e-02,1.9277200e-02
-0.021397511475015563,0.9965460435187794,0.0007909245036159593,1810.3071188877484,1.8767762e-03,419652,1150.37786,1513.11920,3.0079012e+04,2.3657900e+01,3.1193662e+03,1.0584787e+01,3.1417857e+04,2.4935278e+01,0,nan,nan,nan,nan,1150.37786,7.6360261e-04,1513.11920,6.5321644e-04,1.1600037e-02,1.7738646e-02
-0.020008647736403873,0.9974456346003874,0.0007900187362490045,1810.308507751487,1.8767517e-03,419653,1150.38444,1513.11996,3.0114797e+04,2.3630489e+01,3.1266934e+03,1.0541351e+01,3.1445797e+04,2.4906389e+01,0,nan,nan,nan,nan,1150.38444,7.6362531e-04,1513.11996,6.5099640e-04,1.8585417e-02,1.7887522e-02
-0.01861978399688269,0.9970379438142335,0.0007906140105136433,1810.3098966152265,1.8767271e-03,419654,1150.38537,1513.12646,3.0092588e+04,2.3647976e+01,3.1166895e+03,1.0585838e+01,3.1432523e+04,2.4924822e+01,0,nan,nan,nan,nan,1150.38537,7.6416042e-04,1513.12646,6.5143418e-04,1.9189779e-02,2.5910988e-02
-0.017230920373776826,0.996182753623933,0.0007901426907305935,1810.3112854788496,1.8767024e-03,419655,1150.38195,1513.11667,3.0067479e+04,2.3633562e+01,3.1219756e+03,1.0591005e+01,3.1405143e+04,2.4909630e+01,0,nan,nan,nan,nan,1150.38195,7.6369330e-04,1513.11667,6.5172411e-04,1.7451882e-02,1.2904529e-02
-0.01584205663425564,0.9971507233537878,0.0007898981175097207,1810.3126743425892,1.8766779e-03,419656,1150.38585,1513.12512,3.0087020e+04,2.3625933e+01,3.1187783e+03,1.0575218e+01,3.1435238e+04,2.4901587e+01,0,nan,nan,nan,nan,1150.38585,7.6307554e-04,1513.12512,6.5070111e-04,1.9648205e-02,2.2903875e-02
-0.014453192894507083,0.995883582521924,0.0007895101834352364,1810.314063206329,1.8766533e-03,419657,1150.38378,1513.12221,3.0068082e+04,2.3614014e+01,3.1212505e+03,1.0537441e+01,3.1394871e+04,2.4889025e+01,0,nan,nan,nan,nan,1150.38378,7.6343957e-04,1513.12221,6.5146852e-04,1.7282955e-02,2.0043388e-02
-0.01306432915566802,0.9944135194717101,0.0007895953228799558,1810.3154520700677,1.8766287e-03,419658,1150.38504,1513.11979,2.9992145e+04,2.3616243e+01,3.1171802e+03,1.0587273e+01,3.1348109e+04,2.4891375e+01,0,nan,nan,nan,nan,1150.38504,7.6568074e-04,1513.11979,6.5271504e-04,1.9540409e-02,1.8456897e-02
-0.011675465532562157,0.9953634506891514,0.0007903013468113747,1810.3168409336909,1.8766040e-03,419659,1150.38402,1513.11543,3.0040717e+04,2.3637043e+01,3.1222815e+03,1.0545792e+01,3.1377633e+04,2.4913298e+01,0,nan,nan,nan,nan,1150.38402,7.6589646e-04,1513.11543,6.5393123e-04,1.7501306e-02,1.1787821e-02
-0.010286601792131478,0.9943135149122282,0.0007908208931640212,1810.3182297974313,1.8765795e-03,419660,1150.38548,1513.12901,3.0005418e+04,2.3652264e+01,3.1170208e+03,1.0634121e+01,3.1344113e+04,2.4929340e+01,0,nan,nan,nan,nan,1150.38548,7.6531054e-04,1513.12901,6.5375451e-04,1.9304899e-02,2.7158866e-02
-0.008897738052610293,0.9950587252476413,0.0007895365347159157,1810.3196186611708,1.8765549e-03,419661,1150.38442,1513.12618,3.0006438e+04,2.3613531e+01,3.1251497e+03,1.0550499e+01,3.1367182e+04,2.4888515e+01,0,nan,nan,nan,nan,1150.38442,7.6678890e-04,1513.12618,6.5413694e-04,1.7816773e-02,2.3821225e-02
-0.0075088744304139254,0.9951393302665825,0.0007899938642201647,1810.321007524793,1.8765302e-03,419662,1150.38904,1513.12626,3.0036990e+04,2.3626888e+01,3.1162188e+03,1.0590984e+01,3.1369297e+04,2.4902594e+01,0,nan,nan,nan,nan,1150.38904,7.6431449e-04,1513.12626,6.5201358e-04,2.4009515e-02,2.4326783e-02
-0.006120010691347488,0.9958009376761398,0.0007897109458832825,1810.322396388532,1.8765057e-03,419663,1150.37895,1513.11293,3.0061170e+04,2.3618109e+01,3.1042422e+03,1.0560844e+01,3.1389725e+04,2.4893339e+01,0,nan,nan,nan,nan,1150.37895,7.6469878e-04,1513.11293,6.5152545e-04,1.1070777e-02,9.2443889e-03
-0.004731146951144183,0.9947167971081451,0.0007896119870612238,1810.3237852522723,1.8764811e-03,419664,1150.38756,1513.12442,3.0002107e+04,2.3614826e+01,3.1188594e+03,1.0547895e+01,3.1355121e+04,2.4889879e+01,0,nan,nan,nan,nan,1150.38756,7.6579233e-04,1513.12442,6.5409968e-04,2.1004634e-02,2.2166690e-02
-0.003342283327356199,0.9918428288684017,0.0007894228691684251,1810.325174115896,1.8764564e-03,419665,1150.37922,1513.11461,2.9909074e+04,2.3608843e+01,3.1198411e+03,1.0586248e+01,3.1264102e+04,2.4883574e+01,0,nan,nan,nan,nan,1150.37922,7.6771271e-04,1513.11461,6.5623992e-04,1.2708541e-02,1.1999353e-02
-0.001953419588289762,0.9933177162127982,0.000789784583277198,1810.3265629796351,1.8764319e-03,419666,1150.39064,1513.13030,2.9958217e+04,2.3619337e+01,3.1123748e+03,1.0594138e+01,3.1310158e+04,2.4894634e+01,0,nan,nan,nan,nan,1150.39064,7.6655339e-04,1513.13030,6.5492233e-04,2.5134664e-02,2.8891867e-02
-0.0005645558496780723,0.9929406285584642,0.0007890028771606393,1810.3279518433737,1.8764073e-03,419667,1150.38914,1513.11788,2.9900600e+04,2.3595629e+01,3.1179861e+03,1.0530353e+01,3.1297836e+04,2.4869646e+01,0,nan,nan,nan,nan,1150.38914,7.6823332e-04,1513.11788,6.5710099e-04,2.3982370e-02,1.5956294e-02
0.0008243077734277904,0.994119605483281,0.0007897789525421676,1810.3293407069968,1.8763826e-03,419668,1150.38261,1513.12397,2.9982623e+04,2.3618507e+01,3.1147876e+03,1.0577849e+01,3.1334559e+04,2.4893759e+01,0,nan,nan,nan,nan,1150.38261,7.6826790e-04,1513.12397,6.5363897e-04,1.6902650e-02,2.2417890e-02
0.0022131715138584696,0.9946637616277733,0.0007889000662948735,1810.3307295707373,1.8763581e-03,419669,1150.38444,1513.11495,3.0010871e+04,2.3591888e+01,3.1244055e+03,1.0525600e+01,3.1351268e+04,2.4865705e+01,0,nan,nan,nan,nan,1150.38444,7.6513016e-04,1513.11495,6.5262668e-04,1.8574206e-02,1.2097907e-02
0.003602035253379654,0.9943227246145115,0.000788575536984764,1810.3321184344768,1.8763335e-03,419670,1150.37732,1513.12714,2.9964879e+04,2.3581850e+01,3.1132954e+03,1.0525232e+01,3.1340072e+04,2.4855124e+01,0,nan,nan,nan,nan,1150.37732,7.6621125e-04,1513.12714,6.5366516e-04,9.3817431e-03,2.5450591e-02
0.004990898876030769,0.9943328778100567,0.0007891182322884732,1810.3335072980994,1.8763088e-03,419671,1150.39233,1513.11566,3.0018066e+04,2.3597740e+01,3.1253962e+03,1.0531535e+01,3.1339943e+04,2.4871872e+01,0,nan,nan,nan,nan,1150.39233,7.6491426e-04,1513.11566,6.5234897e-04,2.7389901e-02,1.2253998e-02
0.006379762615551954,0.9947853807009827,0.0007894637841608376,1810.334896161839,1.8762843e-03,419672,1150.37768,1513.12724,3.0006105e+04,2.3607731e+01,3.1154622e+03,1.0575727e+01,3.1353752e+04,2.4882402e+01,0,nan,nan,nan,nan,1150.37768,7.6538732e-04,1513.12724,6.5242423e-04,1.1057998e-02,2.5536580e-02
0.007768626355073138,0.9944325508354855,0.0007897915911248279,1810.3362850255785,1.8762597e-03,419673,1150.38709,1513.11401,3.0004283e+04,2.3617189e+01,3.1174067e+03,1.0580881e+01,3.1342174e+04,2.4892372e+01,0,nan,nan,nan,nan,1150.38709,7.6497410e-04,1513.11401,6.5243256e-04,2.2384593e-02,1.1454844e-02
0.009157489978179001,0.9943304534976889,0.0007910418432384312,1810.3376738892016,1.8762350e-03,419674,1150.37832,1513.12271,3.0002137e+04,2.3654228e+01,3.1330630e+03,1.0652431e+01,3.1338494e+04,2.4931410e+01,0,nan,nan,nan,nan,1150.37832,7.6590170e-04,1513.12271,6.5314781e-04,1.2789589e-02,2.1223107e-02
0.010546353717700185,0.9933088606049052,0.0007900401189005873,1810.3390627529411,1.8762104e-03,419675,1150.39051,1513.12023,2.9961992e+04,2.3623922e+01,3.1220000e+03,1.0559552e+01,3.1305830e+04,2.4899467e+01,0,nan,nan,nan,nan,1150.39051,7.6818472e-04,1513.12023,6.5556762e-04,2.5424432e-02,1.7724639e-02
0.01193521745722137,0.9944814284315995,0.0007888231219049487,1810.3404516166806,1.8761859e-03,419676,1150.38788,1513.12899,3.0006068e+04,2.3587177e+01,3.1110835e+03,1.0529214e+01,3.1342314e+04,2.4860739e+01,0,nan,nan,nan,nan,1150.38788,7.6414656e-04,1513.12899,6.5260945e-04,2.2163363e-02,2.7694913e-02
0.013324081080327232,0.9961873512091622,0.0007890149243051734,1810.3418404803037,1.8761612e-03,419677,1150.38092,1513.11099,3.0038643e+04,2.3592554e+01,3.1168435e+03,1.0529881e+01,3.1395602e+04,2.4866405e+01,0,nan,nan,nan,nan,1150.38092,7.6369935e-04,1513.11099,6.5160793e-04,1.6073460e-02,7.8599229e-03
0.01471294481939367,0.9945336664147437,0.000789881528515478,1810.3432293440428,1.8761366e-03,419678,1150.38657,1513.12719,3.0000018e+04,2.3618103e+01,3.1235308e+03,1.0550756e+01,3.1343004e+04,2.4893335e+01,0,nan,nan,nan,nan,1150.38657,7.6458289e-04,1513.12719,6.5431831e-04,1.9896390e-02,2.5307264e-02
0.016101808442499532,0.9954436534470138,0.0007900003675075397,1810.344618207666,1.8761120e-03,419679,1150.37727,1513.12322,3.0029527e+04,2.3621292e+01,3.1216689e+03,1.0552173e+01,3.1371193e+04,2.4896694e+01,0,nan,nan,nan,nan,1150.37727,7.6582987e-04,1513.12322,6.5296306e-04,1.1437637e-02,2.1594660e-02
0.017490672182475464,0.9963083252525774,0.000789353957071783,1810.346007071406,1.8760874e-03,419680,1150.38920,1513.11982,3.0048832e+04,2.3601591e+01,3.1117693e+03,1.0544330e+01,3.1397951e+04,2.4875931e+01,0,nan,nan,nan,nan,1150.38920,7.6432055e-04,1513.11982,6.5217511e-04,2.3278827e-02,1.8416017e-02
0.01887953592199665,0.9955674116379003,0.0007898304011514345,1810.3473959351454,1.8760628e-03,419681,1150.38635,1513.12432,3.0038055e+04,2.3615463e+01,3.1183206e+03,1.0552402e+01,3.1374105e+04,2.4890551e+01,0,nan,nan,nan,nan,1150.38635,7.6386012e-04,1513.12432,6.5260916e-04,2.0196166e-02,2.1396007e-02
0.020268399544647764,0.9961398905502779,0.0007890775479691561,1810.348784798768,1.8760381e-03,419682,1150.38403,1513.11653,3.0045879e+04,2.3592577e+01,3.1117507e+03,1.0528855e+01,3.1391643e+04,2.4866428e+01,0,nan,nan,nan,nan,1150.38403,7.6402869e-04,1513.11653,6.5168162e-04,1.7243061e-02,1.4930077e-02
0.021657263283486827,0.9954895144286717,0.0007897308120472874,1810.350173662507,1.8760136e-03,419683,1150.38790,1513.12097,3.0037256e+04,2.3611723e+01,3.1222686e+03,1.0559004e+01,3.1370637e+04,2.4886610e+01,0,nan,nan,nan,nan,1150.38790,7.6439348e-04,1513.12097,6.5187440e-04,2.2879254e-02,1.8347034e-02
0.02304612690727481,0.9977278275042263,0.0007915589347611114,1810.3515625261307,1.8759889e-03,419684,1150.37518,1513.12833,3.0094150e+04,2.3665995e+01,3.1079290e+03,1.0540859e+01,3.1440656e+04,2.4943810e+01,0,nan,nan,nan,nan,1150.37518,7.6647935e-04,1513.12833,6.5493514e-04,8.8138245e-03,2.6834415e-02
0.02443499064770549,0.9972849321801556,0.0007912254932110097,1810.3529513898711,1.8759643e-03,419685,1150.38862,1513.11468,3.0066988e+04,2.3655628e+01,3.1256602e+03,1.0616753e+01,3.1426178e+04,2.4932886e+01,0,nan,nan,nan,nan,1150.38862,7.6768431e-04,1513.11468,6.5160898e-04,2.2246411e-02,1.2021467e-02
0.025823854269901858,0.9969837786963907,0.0007900094908627946,1810.3543402534933,1.8759397e-03,419686,1150.38779,1513.13315,3.0080125e+04,2.3618877e+01,3.1084395e+03,1.0545238e+01,3.1416158e+04,2.4894150e+01,0,nan,nan,nan,nan,1150.38779,7.6352351e-04,1513.13315,6.5170031e-04,2.2311311e-02,3.1675249e-02
0.027212718008968295,0.9992460486854402,0.0007903260701803884,1810.3557291172324,1.8759151e-03,419687,1150.38557,1513.12224,3.0115988e+04,2.3627939e+01,3.1097019e+03,1.0558522e+01,3.1486910e+04,2.4903702e+01,0,nan,nan,nan,nan,1150.38557,7.6290307e-04,1513.12224,6.5147737e-04,1.9415086e-02,1.9991120e-02
0.02860158174848948,0.9982742421135176,0.0007903817394064288,1810.357117980972,1.8758905e-03,419688,1150.37834,1513.11139,3.0110688e+04,2.3629198e+01,3.1245256e+03,1.0542980e+01,3.1455748e+04,2.4905027e+01,0,nan,nan,nan,nan,1150.37834,7.6316390e-04,1513.11139,6.5096148e-04,1.2711999e-02,7.2490266e-03
0.029990445372277463,0.9999764553663527,0.0007911160262532318,1810.3585068445957,1.8758659e-03,419689,1150.38854,1513.12325,3.0134020e+04,2.3650738e+01,3.1168274e+03,1.0576819e+01,3.1508836e+04,2.4927731e+01,0,nan,nan,nan,nan,1150.38854,7.6479220e-04,1513.12325,6.5083691e-04,2.2693554e-02,2.1235470e-02
0.03137930911202602,0.9996681445563633,0.0007904776780471418,1810.3598957083354,1.8758413e-03,419690,1150.38028,1513.11640,3.0156973e+04,2.3631237e+01,3.1175127e+03,1.0535351e+01,3.1498564e+04,2.4907179e+01,0,nan,nan,nan,nan,1150.38028,7.6321873e-04,1513.11640,6.4969686e-04,1.4013582e-02,1.4060281e-02
0.03276817273422239,0.9987526748331355,0.0007918182919128793,1810.3612845719576,1.8758166e-03,419691,1150.37534,1513.12509,3.0110811e+04,2.3670895e+01,3.1127795e+03,1.0609696e+01,3.1469158e+04,2.4948975e+01,0,nan,nan,nan,nan,1150.37534,7.6467748e-04,1513.12509,6.5159274e-04,7.7158809e-03,2.3037108e-02
0.034157036473743574,0.9994667049501211,0.0007906536982687362,1810.3626734356972,1.8757920e-03,419692,1150.39312,1513.12263,3.0135186e+04,2.3635651e+01,3.1311375e+03,1.0557674e+01,3.1491090e+04,2.4911831e+01,0,nan,nan,nan,nan,1150.39312,7.6241553e-04,1513.12263,6.5120868e-04,2.9176326e-02,2.1901133e-02
0.035545900096849437,0.9992446098422512,0.0007912015474951099,1810.3640622993203,1.8757674e-03,419693,1150.37863,1513.11949,3.0148584e+04,2.3651598e+01,3.1178789e+03,1.0586814e+01,3.1483520e+04,2.4928638e+01,0,nan,nan,nan,nan,1150.37863,7.6267048e-04,1513.11949,6.4994604e-04,1.1782700e-02,1.6839588e-02
0.03693476383637062,0.9991660814241325,0.000791347938688346,1810.3654511630598,1.8757428e-03,419694,1150.39196,1513.11917,3.0139053e+04,2.3655539e+01,3.1180330e+03,1.0582490e+01,3.1480463e+04,2.4932793e+01,0,nan,nan,nan,nan,1150.39196,7.6201413e-04,1513.11917,6.5094180e-04,2.6687248e-02,1.6254522e-02
0.038323627459476484,0.9991516344508352,0.0007905497924666295,1810.366840026683,1.8757181e-03,419695,1150.38604,1513.11887,3.0132822e+04,2.3631241e+01,3.1133037e+03,1.0552652e+01,3.1479422e+04,2.4907181e+01,0,nan,nan,nan,nan,1150.38604,7.6191442e-04,1513.11887,6.5059465e-04,2.1444034e-02,1.6765757e-02
0.03971249119922504,1.0013081610552157,0.0007907825686327985,1810.3682288904226,1.8756936e-03,419696,1150.38303,1513.12859,3.0191135e+04,2.3637753e+01,3.1116450e+03,1.0526485e+01,3.1546770e+04,2.4914045e+01,0,nan,nan,nan,nan,1150.38303,7.6135778e-04,1513.12859,6.5011316e-04,1.8094974e-02,2.8363073e-02
0.04110135482255828,0.9994233326010805,0.0007915710444473288,1810.369617754046,1.8756689e-03,419697,1150.38381,1513.11283,3.0126641e+04,2.3660872e+01,3.1219282e+03,1.0610473e+01,3.1486789e+04,2.4938412e+01,0,nan,nan,nan,nan,1150.38381,7.6300412e-04,1513.11283,6.5152580e-04,1.6701108e-02,8.9846402e-03
0.04249021856116997,0.9996315382093289,0.0007908275167646269,1810.3710066177846,1.8756443e-03,419698,1150.38765,1513.13281,3.0154385e+04,2.3638191e+01,3.1218477e+03,1.0544613e+01,3.1492742e+04,2.4914507e+01,0,nan,nan,nan,nan,1150.38765,7.6240045e-04,1513.13281,6.5035181e-04,2.2793222e-02,3.2410674e-02
0.04387908218427583,1.0001109241028605,0.0007903142874293328,1810.3723954814077,1.8756196e-03,419699,1150.37839,1513.11516,3.0148371e+04,2.3622391e+01,3.1100901e+03,1.0536397e+01,3.1507234e+04,2.4897854e+01,0,nan,nan,nan,nan,1150.37839,7.6279917e-04,1513.11516,6.4964424e-04,1.1803237e-02,1.1386035e-02
0.04526794592470651,0.9989619022705313,0.0007906796993849389,1810.3737843451481,1.8755951e-03,419700,1150.38470,1513.11633,3.0126246e+04,2.3632849e+01,3.1319224e+03,1.0548790e+01,3.1470416e+04,2.4908876e+01,0,nan,nan,nan,nan,1150.38470,7.6342386e-04,1513.11633,6.5085461e-04,1.8160341e-02,1.3751046e-02
0.04665680954781237,1.0000755485323576,0.0007914872458835028,1810.3751732087712,1.8755704e-03,419701,1150.39230,1513.12352,3.0140643e+04,2.3656517e+01,3.1141755e+03,1.0538871e+01,3.1504875e+04,2.4933823e+01,0,nan,nan,nan,nan,1150.39230,7.6355826e-04,1513.12352,6.5287808e-04,2.8145010e-02,2.1487130e-02
0.048045673286651436,1.0005352824976073,0.0007925812633455976,1810.37656207251,1.8755458e-03,419702,1150.37945,1513.11727,3.0151395e+04,2.3688742e+01,3.1265540e+03,1.0676601e+01,3.1518727e+04,2.4967787e+01,0,nan,nan,nan,nan,1150.37945,7.6229114e-04,1513.11727,6.5042084e-04,1.2817159e-02,1.4182559e-02
0.04943453690907518,0.9996898236019474,0.0007904302396150663,1810.3779509361325,1.8755211e-03,419703,1150.38609,1513.11999,3.0146877e+04,2.3623976e+01,3.1130422e+03,1.0528336e+01,3.1491457e+04,2.4899523e+01,0,nan,nan,nan,nan,1150.38609,7.6205429e-04,1513.11999,6.4991083e-04,2.0484909e-02,1.7273935e-02
0.05082340064950586,0.9996519717496661,0.0007910315852646146,1810.379339799873,1.8754966e-03,419704,1150.38817,1513.12517,3.0137418e+04,2.3641464e+01,3.1156687e+03,1.0543938e+01,3.1489621e+04,2.4917957e+01,0,nan,nan,nan,nan,1150.38817,7.6559704e-04,1513.12517,6.5039820e-04,2.3008173e-02,2.2758344e-02
0.05221226427306647,0.9997985794111426,0.0007911728704068959,1810.3807286634965,1.8754719e-03,419705,1150.38673,1513.12343,3.0138037e+04,2.3645203e+01,3.1234497e+03,1.0555052e+01,3.1493592e+04,2.4921896e+01,0,nan,nan,nan,nan,1150.38673,7.6210144e-04,1513.12343,6.5170892e-04,2.0633187e-02,2.0010613e-02
0.053601128012132904,0.9997234607996521,0.0007909846175955575,1810.3821175272356,1.8754473e-03,419706,1150.38238,1513.11864,3.0149910e+04,2.3639086e+01,3.1177898e+03,1.0554068e+01,3.1490574e+04,2.4915449e+01,0,nan,nan,nan,nan,1150.38238,7.6274743e-04,1513.11864,6.5041677e-04,1.5505889e-02,1.5458799e-02
0.05498999163432927,0.9999849051431243,0.0007916971200428879,1810.3835063908577,1.8754227e-03,419707,1150.38331,1513.12093,3.0090900e+04,2.3659883e+01,3.1137659e+03,1.0601041e+01,3.1498150e+04,2.4937370e+01,0,nan,nan,nan,nan,1150.38331,7.6441217e-04,1513.12093,6.5482373e-04,1.7737195e-02,1.7711446e-02
0.05637885525766251,0.9998415590549949,0.000790299382882968,1810.384895254481,1.8753980e-03,419708,1150.38682,1513.12138,3.0082252e+04,2.3617615e+01,3.1210593e+03,1.0539817e+01,3.1492975e+04,2.4892820e+01,0,nan,nan,nan,nan,1150.38682,7.6397095e-04,1513.12138,6.5393531e-04,2.0577462e-02,1.8629212e-02
0.05776771899786581,1.0010700764672085,0.0007934567586471592,1810.3862841182213,1.8753734e-03,419709,1150.38802,1513.11485,3.0170295e+04,2.3711472e+01,3.1121160e+03,1.0567633e+01,3.1531000e+04,2.4991743e+01,0,nan,nan,nan,nan,1150.38802,7.6546019e-04,1513.11485,6.5496500e-04,2.0635471e-02,1.3213154e-02
0.059156582620971676,0.9995192243897514,0.0007913556960777992,1810.3876729818444,1.8753487e-03,419710,1150.38355,1513.11883,3.0129617e+04,2.3648176e+01,3.1218777e+03,1.0552383e+01,3.1481482e+04,2.4925032e+01,0,nan,nan,nan,nan,1150.38355,7.6311216e-04,1513.11883,6.5221428e-04,1.8291490e-02,1.6559582e-02
0.06054544636003811,1.0001308117582715,0.0007912275058516542,1810.3890618455835,1.8753242e-03,419711,1150.37976,1513.12320,3.0107561e+04,2.3643841e+01,3.1133833e+03,1.0555318e+01,3.1500068e+04,2.4920462e+01,0,nan,nan,nan,nan,1150.37976,7.6441257e-04,1513.12320,6.5239146e-04,1.3066784e-02,2.1760352e-02
0.061934309983143976,0.999534728827844,0.0007909068983819211,1810.3904507092066,1.8752995e-03,419712,1150.38635,1513.11980,3.0133346e+04,2.3633747e+01,3.1103203e+03,1.0556888e+01,3.1480613e+04,2.4909824e+01,0,nan,nan,nan,nan,1150.38635,7.6288549e-04,1513.11980,6.5121666e-04,1.9840682e-02,1.7154707e-02
0.06332317360624984,0.9981098982323392,0.0007910965012620593,1810.3918395728297,1.8752748e-03,419713,1150.38086,1513.11887,3.0090541e+04,2.3638901e+01,3.1259436e+03,1.0575373e+01,3.1435057e+04,2.4915255e+01,0,nan,nan,nan,nan,1150.38086,7.6539128e-04,1513.11887,6.5166340e-04,1.4441117e-02,1.7186230e-02
0.06471203734577102,0.9993098634606487,0.0007914133982467369,1810.3932284365692,1.8752503e-03,419714,1150.38818,1513.11941,3.0138416e+04,2.3647856e+01,3.1109319e+03,1.0557896e+01,3.1472162e+04,2.4924692e+01,0,nan,nan,nan,nan,1150.38818,7.6293253e-04,1513.11941,6.5090985e-04,2.2817796e-02,1.7894369e-02
0.06610090096887689,0.999516807865505,0.0007904434437851414,1810.3946173001923,1.8752256e-03,419715,1150.38495,1513.11878,3.0132715e+04,2.3618355e+01,3.1131145e+03,1.0533232e+01,3.1477990e+04,2.4893599e+01,0,nan,nan,nan,nan,1150.38495,7.6214672e-04,1513.11878,6.4981682e-04,1.9613959e-02,1.7383229e-02
0.06748976470839807,1.0019763572622622,0.0007911575928449097,1810.3960061639318,1.8752010e-03,419716,1150.38610,1513.12268,3.0194646e+04,2.3639170e+01,3.1135488e+03,1.0533915e+01,3.1554754e+04,2.4915541e+01,0,nan,nan,nan,nan,1150.38610,7.6142862e-04,1513.12268,6.4990926e-04,1.8726498e-02,2.0193357e-02
0.06887862833150393,1.0014775530333047,0.0007923210557161515,1810.397395027555,1.8751763e-03,419717,1150.38489,1513.12479,3.0176234e+04,2.3673416e+01,3.1229585e+03,1.0581588e+01,3.1538350e+04,2.4951632e+01,0,nan,nan,nan,nan,1150.38489,7.6223485e-04,1513.12479,6.5178511e-04,1.8917045e-02,2.4480928e-02
0.07026749195415505,1.0005355926708788,0.0007913692301515519,1810.3987838911776,1.8751516e-03,419718,1150.38518,1513.12788,3.0152562e+04,2.3644449e+01,3.1109270e+03,1.0576175e+01,3.1507986e+04,2.4921104e+01,0,nan,nan,nan,nan,1150.38518,7.6177390e-04,1513.12788,6.5049552e-04,1.9663766e-02,2.7108431e-02
0.07165635569367623,1.0005779614427994,0.0007912338536401567,1810.400172754917,1.8751271e-03,419719,1150.38037,1513.11565,3.0162537e+04,2.3639879e+01,3.1223398e+03,1.0556344e+01,3.1508619e+04,2.4916286e+01,0,nan,nan,nan,nan,1150.38037,7.6207856e-04,1513.11565,6.4952747e-04,1.4629787e-02,1.3072047e-02
0.07304521931723684,1.0001900336175533,0.0007921966558867743,1810.4015616185407,1.8751024e-03,419720,1150.38819,1513.11790,3.0140119e+04,2.3668121e+01,3.1088372e+03,1.0544530e+01,3.1495705e+04,2.4946053e+01,0,nan,nan,nan,nan,1150.38819,7.6392019e-04,1513.11790,6.5261795e-04,2.1883992e-02,1.6204810e-02
0.0744340830569854,0.9993521529000114,0.0007913520008054702,1810.4029504822804,1.8750778e-03,419721,1150.38240,1513.12315,3.0128299e+04,2.3642355e+01,3.1040137e+03,1.0555183e+01,3.1468619e+04,2.4918898e+01,0,nan,nan,nan,nan,1150.38240,7.6341297e-04,1513.12315,6.5124367e-04,1.6234810e-02,2.1697607e-02
0.07582294667940914,1.0006258748720733,0.0007913650496471095,1810.4043393459028,1.8750532e-03,419722,1150.39043,1513.12451,3.0175629e+04,2.3642220e+01,3.1114448e+03,1.0560733e+01,3.1508025e+04,2.4918753e+01,0,nan,nan,nan,nan,1150.39043,7.6134811e-04,1513.12451,6.4959953e-04,2.5373850e-02,2.2752065e-02
0.07721181030206026,0.9997583595458552,0.0007909655646996893,1810.4057282095255,1.8750285e-03,419723,1150.38861,1513.12501,3.0134510e+04,2.3629759e+01,3.1190383e+03,1.0515364e+01,3.1480006e+04,2.4905619e+01,0,nan,nan,nan,nan,1150.38861,7.6372660e-04,1513.12501,6.5078825e-04,2.4014339e-02,2.4606718e-02
0.07860067404203619,0.999974860115867,0.0007925210217663883,1810.4071170732655,1.8750039e-03,419724,1150.38573,1513.11890,3.0149205e+04,2.3675701e+01,3.1158538e+03,1.0613132e+01,3.1486121e+04,2.4954041e+01,0,nan,nan,nan,nan,1150.38573,7.6570373e-04,1513.11890,6.5001828e-04,1.9683683e-02,1.7622696e-02
0.07998953766605155,1.000857984955969,0.0007945517466944768,1810.4085059368895,1.8749792e-03,419725,1150.38438,1513.11540,3.0168338e+04,2.3735838e+01,3.1219084e+03,1.0586400e+01,3.1513223e+04,2.5017424e+01,0,nan,nan,nan,nan,1150.38438,7.6507509e-04,1513.11540,6.5583806e-04,1.7076781e-02,1.4420944e-02
0.08137840128824791,0.9993768401062041,0.0007913813910695352,1810.4098948005117,1.8749546e-03,419726,1150.38604,1513.13224,3.0120100e+04,2.3640602e+01,3.1278726e+03,1.0571057e+01,3.1465889e+04,2.4917048e+01,0,nan,nan,nan,nan,1150.38604,7.6255423e-04,1513.13224,6.5070204e-04,1.8250968e-02,2.9960210e-02
0.08276726502731435,0.9987807308893237,0.0007912467465279043,1810.4112836642507,1.8749300e-03,419727,1150.38368,1513.10847,3.0072973e+04,2.3636055e+01,3.1174058e+03,1.0564420e+01,3.1446422e+04,2.4912254e+01,0,nan,nan,nan,nan,1150.38368,7.6677458e-04,1513.10847,6.5316120e-04,1.7618051e-02,5.6972522e-03
0.08415612865042021,1.000428878912361,0.0007941272731090028,1810.4126725278738,1.8749053e-03,419728,1150.38771,1513.12358,3.0160520e+04,2.3721575e+01,3.1262771e+03,1.0624736e+01,3.1497617e+04,2.5002394e+01,0,nan,nan,nan,nan,1150.38771,7.6443702e-04,1513.12358,6.5410882e-04,2.0730786e-02,2.1478090e-02
0.08554499227443557,1.0001566762320089,0.0007924564546316028,1810.4140613914979,1.8748806e-03,419729,1150.38364,1513.12173,3.0124930e+04,2.3671143e+01,3.1239336e+03,1.0617332e+01,3.1488352e+04,2.4949238e+01,0,nan,nan,nan,nan,1150.38364,7.6395273e-04,1513.12173,6.5234664e-04,1.7110413e-02,1.9603033e-02
0.08693385601395676,0.9995919879634604,0.0007909404009619106,1810.4154502552374,1.8748561e-03,419730,1150.38749,1513.12820,3.0110398e+04,2.3625338e+01,3.1195457e+03,1.0536428e+01,3.1469881e+04,2.4900959e+01,0,nan,nan,nan,nan,1150.38749,7.6316809e-04,1513.12820,6.5115932e-04,2.1574043e-02,2.7475242e-02
0.08832271963615312,0.9986344144180274,0.0007924996657616997,1810.4168391188596,1.8748314e-03,419731,1150.38105,1513.11183,3.0085561e+04,2.3671396e+01,3.1191499e+03,1.0582458e+01,3.1439045e+04,2.4949505e+01,0,nan,nan,nan,nan,1150.38105,7.6583121e-04,1513.11183,6.5433129e-04,1.5209126e-02,9.0665389e-03
0.08971158325925899,1.0005507456053748,0.0007910135400074807,1810.4182279824827,1.8748067e-03,419732,1150.38647,1513.12101,3.0130453e+04,2.3626493e+01,3.1177371e+03,1.0542692e+01,3.1498689e+04,2.4902176e+01,0,nan,nan,nan,nan,1150.38647,7.6282967e-04,1513.12101,6.5263751e-04,2.0759497e-02,1.8994909e-02
0.09110044688236485,0.9993946060167819,0.0007911214506561351,1810.4196168461058,1.8747820e-03,419733,1150.38316,1513.12301,3.0098045e+04,2.3629204e+01,3.1230884e+03,1.0547024e+01,3.1461613e+04,2.4905033e+01,0,nan,nan,nan,nan,1150.38316,7.6411356e-04,1513.12301,6.5187173e-04,1.6112335e-02,2.0411739e-02
0.09248931062211341,1.000392195951354,0.0007908924984364947,1810.4210057098455,1.8747575e-03,419734,1150.38305,1513.12358,3.0140033e+04,2.3621857e+01,3.1134138e+03,1.0538684e+01,3.1492340e+04,2.4897291e+01,0,nan,nan,nan,nan,1150.38305,7.6203630e-04,1513.12358,6.5008912e-04,1.7893195e-02,2.0928074e-02
0.09387817424544664,1.0003812672006605,0.0007915085080985643,1810.4223945734689,1.8747328e-03,419735,1150.38904,1513.12737,3.0146117e+04,2.3639751e+01,3.1035452e+03,1.0547823e+01,3.1491324e+04,2.4916151e+01,0,nan,nan,nan,nan,1150.38904,7.6403184e-04,1513.12737,6.5047230e-04,2.3330398e-02,2.5878245e-02
0.0952670378685525,1.000429802998472,0.0007920354076575498,1810.423783437092,1.8747081e-03,419736,1150.38983,1513.11903,3.0137809e+04,2.3654989e+01,3.1284065e+03,1.0553288e+01,3.1492186e+04,2.4932211e+01,0,nan,nan,nan,nan,1150.38983,7.6549675e-04,1513.11903,6.5093872e-04,2.1752473e-02,1.6569020e-02
0.09665590160807369,0.9983604686869416,0.00079135359373236,1810.4251723008315,1.8746835e-03,419737,1150.38061,1513.12451,3.0069420e+04,2.3634130e+01,3.1259976e+03,1.0569229e+01,3.1426387e+04,2.4910227e+01,0,nan,nan,nan,nan,1150.38061,7.6608639e-04,1513.12451,6.5176905e-04,1.3640138e-02,2.2002917e-02
0.09804476523027006,0.9998299461577068,0.0007926454944865578,1810.4265611644537,1.8746589e-03,419738,1150.38483,1513.11563,3.0122094e+04,2.3672224e+01,3.1101509e+03,1.0665217e+01,3.1471990e+04,2.4950375e+01,0,nan,nan,nan,nan,1150.38483,7.6252676e-04,1513.11563,6.5105362e-04,1.9118259e-02,1.2090343e-02
0.09943362885337592,0.9994720874952945,0.0007914987452020712,1810.4279500280768,1.8746342e-03,419739,1150.38481,1513.12024,3.0105453e+04,2.3637491e+01,3.1124419e+03,1.0577808e+01,3.1460080e+04,2.4913767e+01,0,nan,nan,nan,nan,1150.38481,7.6357607e-04,1513.12024,6.5105886e-04,1.9253926e-02,1.7891493e-02
0.10082249247739128,0.9996700637734787,0.0007922759470153542,1810.4293388917008,1.8746095e-03,419740,1150.38787,1513.11973,3.0115980e+04,2.3660219e+01,3.1196770e+03,1.0577178e+01,3.1465672e+04,2.4937723e+01,0,nan,nan,nan,nan,1150.38787,7.6245907e-04,1513.11973,6.5265130e-04,2.1908760e-02,1.6966607e-02
0.10221135621691246,1.0007383572587707,0.0007914977714841931,1810.4307277554403,1.8745849e-03,419741,1150.38632,1513.12125,3.0136832e+04,2.3636503e+01,3.1211792e+03,1.0569959e+01,3.1498666e+04,2.4912729e+01,0,nan,nan,nan,nan,1150.38632,7.6275412e-04,1513.12125,6.5006613e-04,1.7876910e-02,1.9542331e-02
0.10360021983956358,1.0006262744328562,0.0007911530921497786,1810.432116619063,1.8745603e-03,419742,1150.37851,1513.12247,3.0132863e+04,2.3625748e+01,3.1296042e+03,1.0547399e+01,3.1494516e+04,2.4901390e+01,0,nan,nan,nan,nan,1150.37851,7.6246017e-04,1513.12247,6.4999470e-04,1.1257278e-02,2.0394130e-02
0.10498908346175995,0.9999341096294182,0.0007908713242976491,1810.4335054826852,1.8745356e-03,419743,1150.39113,1513.11509,3.0126939e+04,2.3616871e+01,3.1174114e+03,1.0533151e+01,3.1472117e+04,2.4892035e+01,0,nan,nan,nan,nan,1150.39113,7.6203403e-04,1513.11509,6.5016001e-04,2.5186285e-02,1.3171397e-02
0.1063779470857753,1.0003402230901999,0.0007913734022939427,1810.4348943463092,1.8745109e-03,419744,1150.38556,1513.12549,3.0137498e+04,2.3631411e+01,3.1158289e+03,1.0569473e+01,3.1484293e+04,2.4907358e+01,0,nan,nan,nan,nan,1150.38556,7.6190796e-04,1513.12549,6.4967648e-04,1.9261740e-02,2.3619877e-02
0.10776681082575124,1.0002743152746654,0.0007918220714264,1810.4362832100492,1.8744863e-03,419745,1150.38612,1513.12289,3.0133031e+04,2.3644360e+01,3.1098015e+03,1.0559381e+01,3.1481623e+04,2.4921009e+01,0,nan,nan,nan,nan,1150.38612,7.6309947e-04,1513.12289,6.5111520e-04,1.9925954e-02,1.9993085e-02
0.10915567444840235,1.0003817374756705,0.0007944346335201782,1810.4376720736718,1.8744617e-03,419746,1150.38172,1513.11868,3.0141027e+04,2.3721930e+01,3.1211746e+03,1.0611998e+01,3.1484420e+04,2.5002768e+01,0,nan,nan,nan,nan,1150.38172,7.6777168e-04,1513.11868,6.5467617e-04,1.5039943e-02,1.6171241e-02
0.11054453807082609,1.001300253659193,0.0007915434855585537,1810.4390609372942,1.8744370e-03,419747,1150.38656,1513.13192,3.0130885e+04,2.3635170e+01,3.1130349e+03,1.0569284e+01,3.1512752e+04,2.4911324e+01,0,nan,nan,nan,nan,1150.38656,7.6225633e-04,1513.13192,6.5261946e-04,1.9321689e-02,3.0878264e-02
0.11193340169415933,0.9993275460005419,0.0007919405369081564,1810.4404498009176,1.8744123e-03,419748,1150.38630,1513.13384,3.0099689e+04,2.3646603e+01,3.1077834e+03,1.0559093e+01,3.1450104e+04,2.4923372e+01,0,nan,nan,nan,nan,1150.38630,7.6277874e-04,1513.13384,6.5313897e-04,2.0732537e-02,3.2737136e-02
0.11332226531771994,1.0007040173337192,0.0007918939736001521,1810.4418386645411,1.8743876e-03,419749,1150.37931,1513.10075,3.0108086e+04,2.3644796e+01,3.1112371e+03,1.0539561e+01,3.1492871e+04,2.4921469e+01,0,nan,nan,nan,nan,1150.37931,7.6646940e-04,1513.10075,6.5374322e-04,1.2526211e-02,-4.1161003e-03
0.11471112905724112,1.000297298301186,0.0007934669069594008,1810.4432275282807,1.8743630e-03,419750,1150.38931,1513.14157,3.0124523e+04,2.3691357e+01,3.1284595e+03,1.0592297e+01,3.1479527e+04,2.4970541e+01,0,nan,nan,nan,nan,1150.38931,7.6403853e-04,1513.14157,6.5488851e-04,2.3948383e-02,4.1053798e-02
0.11609999267989224,0.9991207691712262,0.0007911120224850506,1810.4446163919033,1.8743384e-03,419751,1150.37648,1513.10535,3.0081086e+04,2.3620647e+01,3.1073230e+03,1.0557384e+01,3.1441975e+04,2.4896013e+01,0,nan,nan,nan,nan,1150.37648,7.6424412e-04,1513.10535,6.5124943e-04,9.7925775e-03,1.5519025e-03
0.1174888563029981,0.999953749268161,0.0007924343895978853,1810.4460052555264,1.8743137e-03,419752,1150.38382,1513.11204,3.0126557e+04,2.3659739e+01,3.1225264e+03,1.0558633e+01,3.1467672e+04,2.4937218e+01,0,nan,nan,nan,nan,1150.38382,7.6364045e-04,1513.11204,6.5236009e-04,1.8326273e-02,9.0932027e-03
0.11887771992610396,0.9986285525719308,0.0007911423109083494,1810.4473941191495,1.8742890e-03,419753,1150.38261,1513.11840,3.0054787e+04,2.3620783e+01,3.1193770e+03,1.0568328e+01,3.1425463e+04,2.4896158e+01,0,nan,nan,nan,nan,1150.38261,7.6456647e-04,1513.11840,6.5206259e-04,1.8294286e-02,1.6680434e-02
0.12026658354920983,1.0012747008334681,0.0007925702412424583,1810.4487829827726,1.8742643e-03,419754,1150.38463,1513.12920,3.0163375e+04,2.3663048e+01,3.1190439e+03,1.0554152e+01,3.1508242e+04,2.4940704e+01,0,nan,nan,nan,nan,1150.38463,7.6273503e-04,1513.12920,6.5134850e-04,1.7764587e-02,2.8907411e-02
0.12165544728873101,0.999164758907715,0.000792458315738642,1810.4501718465121,1.8742398e-03,419755,1150.38347,1513.11938,3.0101549e+04,2.3659344e+01,3.1224683e+03,1.0608794e+01,3.1441367e+04,2.4936802e+01,0,nan,nan,nan,nan,1150.38347,7.6546444e-04,1513.11938,6.5111136e-04,1.8441701e-02,1.6366573e-02
0.12304431091183687,0.9999624466442003,0.00079239901676516,1810.4515607101353,1.8742151e-03,419756,1150.38492,1513.12097,3.0116951e+04,2.3657225e+01,3.1188176e+03,1.0540155e+01,3.1466004e+04,2.4934566e+01,0,nan,nan,nan,nan,1150.38492,7.6489744e-04,1513.12097,6.5379014e-04,1.8783323e-02,1.9457450e-02
0.12443317453494274,0.9999997879245284,0.0007916530646849847,1810.4529495737584,1.8741904e-03,419757,1150.38058,1513.11917,3.0114947e+04,2.3634613e+01,3.1132966e+03,1.0573671e+01,3.1466727e+04,2.4910736e+01,0,nan,nan,nan,nan,1150.38058,7.6310668e-04,1513.11917,6.5056060e-04,1.3106632e-02,1.6757602e-02
0.12582203815759385,1.0015104264176449,0.0007917227748931922,1810.454338437381,1.8741657e-03,419758,1150.39400,1513.12303,3.0164717e+04,2.3636366e+01,3.1191187e+03,1.0535866e+01,3.1513822e+04,2.4912582e+01,0,nan,nan,nan,nan,1150.39400,7.6174410e-04,1513.12303,6.5031840e-04,2.8752986e-02,2.1418430e-02
0.12721090178069971,0.9997891662410304,0.0007911000997599033,1810.4557273010041,1.8741410e-03,419759,1150.38702,1513.11826,3.0085223e+04,2.3617456e+01,3.1349309e+03,1.0544248e+01,3.1459236e+04,2.4892653e+01,0,nan,nan,nan,nan,1150.38702,7.6392747e-04,1513.11826,6.5117120e-04,2.2203563e-02,1.7024364e-02
0.12859976540471507,0.9988313346147204,0.0007917345480832769,1810.4571161646281,1.8741164e-03,419760,1150.38236,1513.11363,3.0083088e+04,2.3636087e+01,3.1405149e+03,1.0593287e+01,3.1428686e+04,2.4912291e+01,0,nan,nan,nan,nan,1150.38236,7.6311186e-04,1513.11363,6.5105897e-04,1.5743118e-02,1.0739857e-02
0.12998862902782093,1.0008095710193745,0.0007918639387836774,1810.4585050282512,1.8740917e-03,419761,1150.38759,1513.12277,3.0127586e+04,2.3639650e+01,3.1209973e+03,1.0555200e+01,3.1490535e+04,2.4916046e+01,0,nan,nan,nan,nan,1150.38759,7.6382846e-04,1513.12277,6.5138435e-04,2.1501714e-02,2.1191273e-02
0.13137749276643262,1.0011573419388444,0.0007919376861953659,1810.4598938919899,1.8740671e-03,419762,1150.38654,1513.12777,3.0149523e+04,2.3641567e+01,3.1124468e+03,1.0541133e+01,3.1501094e+04,2.4918064e+01,0,nan,nan,nan,nan,1150.38654,7.6477637e-04,1513.12777,6.5052544e-04,2.0897856e-02,2.6154157e-02
0.13276635638908374,0.9995782130340276,0.0007910623295183815,1810.4612827556125,1.8740424e-03,419763,1150.38577,1513.12277,3.0085133e+04,2.3615156e+01,3.1157092e+03,1.0545546e+01,3.1451037e+04,2.4890228e+01,0,nan,nan,nan,nan,1150.38577,7.6323084e-04,1513.12277,6.5133139e-04,1.9603042e-02,2.0912180e-02
0.13415522001264435,1.0000656226735203,0.0007911070558761506,1810.462671619236,1.8740178e-03,419764,1150.38377,1513.11253,3.0118840e+04,2.3616226e+01,3.1091038e+03,1.0528139e+01,3.1466018e+04,2.4891354e+01,0,nan,nan,nan,nan,1150.38377,7.6334877e-04,1513.11253,6.5090699e-04,1.7020397e-02,9.8701743e-03
0.1355440836366597,1.0004827956808249,0.0007922618066951002,1810.46406048286,1.8739931e-03,419765,1150.38299,1513.12179,3.0144062e+04,2.3650440e+01,3.1104956e+03,1.0576138e+01,3.1478801e+04,2.4927416e+01,0,nan,nan,nan,nan,1150.38299,7.6220155e-04,1513.12179,6.5052876e-04,1.5856137e-02,1.9726880e-02
0.13693294725908345,0.9995329091689924,0.0007914693668703929,1810.4654493464825,1.8739684e-03,419766,1150.38138,1513.12704,3.0108852e+04,2.3626537e+01,3.1198989e+03,1.0556004e+01,3.1448584e+04,2.4902224e+01,0,nan,nan,nan,nan,1150.38138,7.6249859e-04,1513.12704,6.5059680e-04,1.5400290e-02,2.5139175e-02
0.1383218108815072,0.9999458348117232,0.0007924025025130536,1810.466838210105,1.8739437e-03,419767,1150.39173,1513.11887,3.0129717e+04,2.3654154e+01,3.1213633e+03,1.0573174e+01,3.1461262e+04,2.4931334e+01,0,nan,nan,nan,nan,1150.39173,7.6242426e-04,1513.11887,6.5182231e-04,2.7176417e-02,1.7101372e-02
0.13971067450461305,0.9998262610688395,0.0007914487281164886,1810.468227073728,1.8739190e-03,419768,1150.38586,1513.11945,3.0114988e+04,2.3625458e+01,3.1137175e+03,1.0549556e+01,3.1457197e+04,2.4901085e+01,0,nan,nan,nan,nan,1150.38586,7.6288445e-04,1513.11945,6.5053784e-04,1.9013660e-02,1.7135369e-02
0.1410995381286284,0.9997260941421383,0.0007912964667889958,1810.469615937352,1.8738944e-03,419769,1150.38037,1513.12757,3.0106309e+04,2.3620695e+01,3.1214417e+03,1.0535708e+01,3.1453756e+04,2.4896065e+01,0,nan,nan,nan,nan,1150.38037,7.6337793e-04,1513.12757,6.5100106e-04,1.4603955e-02,2.7054297e-02
0.14248840175173427,0.9989592859247732,0.0007910135340851671,1810.4710048009752,1.8738697e-03,419770,1150.38701,1513.11571,3.0092150e+04,2.3612038e+01,3.1163857e+03,1.0534176e+01,3.1429352e+04,2.4886942e+01,0,nan,nan,nan,nan,1150.38701,7.6332205e-04,1513.11571,6.5137027e-04,2.1335743e-02,1.2936861e-02
0.14387726537393064,0.9990219688779477,0.0007913117665140848,1810.4723936645973,1.8738450e-03,419771,1150.37775,1513.11717,3.0084953e+04,2.3620745e+01,3.1166714e+03,1.0543667e+01,3.1431059e+04,2.4896116e+01,0,nan,nan,nan,nan,1150.37775,7.6477049e-04,1513.11717,6.5097597e-04,1.1409053e-02,1.4479542e-02
0.1452661291136792,1.000688569958002,0.0007914674688483501,1810.473782528337,1.8738204e-03,419772,1150.38545,1513.12155,3.0130824e+04,2.3625198e+01,3.1046382e+03,1.0528147e+01,3.1483238e+04,2.4900812e+01,0,nan,nan,nan,nan,1150.38545,7.6348183e-04,1513.12155,6.5067579e-04,1.9383620e-02,1.9661443e-02
0.14665499273701244,1.0001193298762614,0.0007914992419095709,1810.4751713919604,1.8737958e-03,419773,1150.39256,1513.12189,3.0115453e+04,2.3625963e+01,3.1146970e+03,1.0548200e+01,3.1465086e+04,2.4901619e+01,0,nan,nan,nan,nan,1150.39256,7.6238357e-04,1513.12189,6.5113348e-04,2.7537147e-02,1.9666011e-02
0.1480438563601183,1.0000739446062787,0.0007915103063002295,1810.4765602555835,1.8737711e-03,419774,1150.38487,1513.11917,3.0114062e+04,2.3626122e+01,3.1174792e+03,1.0549397e+01,3.1463424e+04,2.4901783e+01,0,nan,nan,nan,nan,1150.38487,7.6324109e-04,1513.11917,6.5102888e-04,1.7476007e-02,1.5534083e-02
0.14943271998322416,1.0000726587297226,0.0007929127244053584,1810.4779491192066,1.8737464e-03,419775,1150.38774,1513.11745,3.0132967e+04,2.3667810e+01,3.1225491e+03,1.0552670e+01,3.1463158e+04,2.4945726e+01,0,nan,nan,nan,nan,1150.38774,7.6225441e-04,1513.11745,6.5309671e-04,2.1555306e-02,1.4596722e-02
0.15082158360633002,1.0003712089751902,0.0007910935612521242,1810.4793379828297,1.8737217e-03,419776,1150.37769,1513.12875,3.0105322e+04,2.3613348e+01,3.1212095e+03,1.0519962e+01,3.1472336e+04,2.4888323e+01,0,nan,nan,nan,nan,1150.37769,7.6387764e-04,1513.12875,6.5101887e-04,1.0474179e-02,2.7834253e-02
0.15221044722943589,0.9996201121560522,0.0007934865936413407,1810.4807268464529,1.8736970e-03,419777,1150.38966,1513.11850,3.0090365e+04,2.3684620e+01,3.1144084e+03,1.0609767e+01,3.1448498e+04,2.4963444e+01,0,nan,nan,nan,nan,1150.38966,7.6447596e-04,1513.11850,6.5426755e-04,2.3070876e-02,1.5892979e-02
0.15359931085163225,0.9989285263507499,0.0007912547288434083,1810.482115710075,1.8736724e-03,419778,1150.38081,1513.12282,3.0080426e+04,2.3617851e+01,3.1257112e+03,1.0544887e+01,3.1426539e+04,2.4893070e+01,0,nan,nan,nan,nan,1150.38081,7.6399720e-04,1513.12282,6.5113907e-04,1.4113002e-02,2.1172946e-02
0.1549881744749655,1.0003762860617669,0.0007915772595788003,1810.4835045736984,1.8736477e-03,419779,1150.38679,1513.12319,3.0118258e+04,2.3627333e+01,3.1196096e+03,1.0537324e+01,3.1471891e+04,2.4903063e+01,0,nan,nan,nan,nan,1150.38679,7.6255540e-04,1513.12319,6.5150706e-04,2.0621939e-02,2.1092689e-02
0.15637703809875347,0.9992930031278434,0.0007917476872822411,1810.4848934373222,1.8736230e-03,419780,1150.38630,1513.11599,3.0091564e+04,2.3632277e+01,3.1317996e+03,1.0559363e+01,3.1437621e+04,2.4908272e+01,0,nan,nan,nan,nan,1150.38630,7.6362374e-04,1513.11599,6.5136299e-04,2.1289153e-02,1.2979707e-02
0.15776590172185934,0.999678205476189,0.0007913656050024202,1810.4862823009453,1.8735983e-03,419781,1150.38103,1513.12152,3.0096398e+04,2.3620731e+01,3.1162168e+03,1.0536250e+01,3.1449551e+04,2.4896105e+01,0,nan,nan,nan,nan,1150.38103,7.6366076e-04,1513.12152,6.5145403e-04,1.3950294e-02,1.9095533e-02
0.15915476534451045,1.000420637341991,0.0007913058077559663,1810.487671164568,1.8735736e-03,419782,1150.39048,1513.11735,3.0116984e+04,2.3618807e+01,3.1132803e+03,1.0535119e+01,3.1472723e+04,2.4894077e+01,0,nan,nan,nan,nan,1150.39048,7.6339336e-04,1513.11735,6.5101689e-04,2.6507024e-02,1.5384611e-02
0.16054362896670682,1.000346237975373,0.0007919500097499329,1810.4890600281901,1.8735490e-03,419783,1150.38539,1513.12098,3.0121191e+04,2.3637896e+01,3.1145813e+03,1.0544896e+01,3.1470197e+04,2.4914196e+01,0,nan,nan,nan,nan,1150.38539,7.6358020e-04,1513.12098,6.5104762e-04,1.9441772e-02,1.9107757e-02
0.16193249259072218,1.0016564680270978,0.0007918030886893202,1810.4904488918141,1.8735243e-03,419784,1150.37784,1513.12524,3.0156379e+04,2.3633373e+01,3.1160178e+03,1.0556518e+01,3.1511232e+04,2.4909428e+01,0,nan,nan,nan,nan,1150.37784,7.6211098e-04,1513.12524,6.4931490e-04,1.1228555e-02,2.3927821e-02
0.16332135621451016,0.9989789767443578,0.0007931083384742735,1810.491837755438,1.8734996e-03,419785,1150.39250,1513.11829,3.0078367e+04,2.3672190e+01,3.1262817e+03,1.0653540e+01,3.1426812e+04,2.4950342e+01,0,nan,nan,nan,nan,1150.39250,7.6662283e-04,1513.11829,6.5165409e-04,2.5945295e-02,1.5580350e-02
0.1647102198369339,1.0000077940209062,0.0007921655891049856,1810.4932266190604,1.8734749e-03,419786,1150.38588,1513.11866,3.0104963e+04,2.3643908e+01,3.1143875e+03,1.0536885e+01,3.1458986e+04,2.4920530e+01,0,nan,nan,nan,nan,1150.38588,7.6369429e-04,1513.11866,6.5305032e-04,1.8833769e-02,1.6587958e-02
0.16609908345958502,0.9994189535091907,0.0007931831435139525,1810.494615482683,1.8734502e-03,419787,1150.38334,1513.13140,3.0078420e+04,2.3674129e+01,3.1223948e+03,1.0626842e+01,3.1440264e+04,2.4952385e+01,0,nan,nan,nan,nan,1150.38334,7.6475996e-04,1513.13140,6.5352843e-04,1.6252441e-02,3.0649237e-02
0.16748794708269088,1.0022691269268094,0.000791756528611421,1810.496004346306,1.8734256e-03,419788,1150.37998,1513.11067,3.0158773e+04,2.3631395e+01,3.1092585e+03,1.0545694e+01,3.1529719e+04,2.4907343e+01,0,nan,nan,nan,nan,1150.37998,7.6205184e-04,1513.11067,6.5055216e-04,1.1618667e-02,6.5941201e-03
0.1688768107062515,1.0003345257682168,0.0007914951397320368,1810.4973932099297,1.8734009e-03,419789,1150.39151,1513.12589,3.0116662e+04,2.3623430e+01,3.1206416e+03,1.0533121e+01,3.1468646e+04,2.4898951e+01,0,nan,nan,nan,nan,1150.39151,7.6243596e-04,1513.12589,6.5136829e-04,2.6600383e-02,2.6687929e-02
0.17026567432935735,0.9998324476419953,0.0007923633284780804,1810.4987820735528,1.8733762e-03,419790,1150.37788,1513.11670,3.0087098e+04,2.3649174e+01,3.1224902e+03,1.0593751e+01,3.1452623e+04,2.4926083e+01,0,nan,nan,nan,nan,1150.37788,7.6506956e-04,1513.11670,6.5235241e-04,1.0729050e-02,1.3929286e-02
0.17165453795200847,0.9987360943556921,0.0007916527822211586,1810.5001709371754,1.8733515e-03,419791,1150.39252,1513.12120,3.0054053e+04,2.3627785e+01,3.1316604e+03,1.0555365e+01,3.1417893e+04,2.4903538e+01,0,nan,nan,nan,nan,1150.39252,7.6538237e-04,1513.12120,6.5216323e-04,2.7564054e-02,1.9479601e-02
0.17304340157511433,0.9997399297087828,0.0007915280448513798,1810.5015598007985,1.8733268e-03,419792,1150.37944,1513.11849,3.0083928e+04,2.3623865e+01,3.1204062e+03,1.0561213e+01,3.1449213e+04,2.4899408e+01,0,nan,nan,nan,nan,1150.37944,7.6337566e-04,1513.11849,6.5156730e-04,1.1922965e-02,1.6725149e-02
0.1744322651982202,0.9995278316085234,0.0007912629806836451,1810.5029486644216,1.8733022e-03,419793,1150.39287,1513.12004,3.0090088e+04,2.3615747e+01,3.1232058e+03,1.0538365e+01,3.1442262e+04,2.4890850e+01,0,nan,nan,nan,nan,1150.39287,7.6318358e-04,1513.12004,6.5130420e-04,2.7895313e-02,1.7243560e-02
0.17582112882132606,1.0004693304585013,0.0007920045125397812,1810.5043375280447,1.8732775e-03,419794,1150.38095,1513.11786,3.0098133e+04,2.3637651e+01,3.1194138e+03,1.0552417e+01,3.1471578e+04,2.4913939e+01,0,nan,nan,nan,nan,1150.38095,7.6529483e-04,1513.11786,6.5185624e-04,1.4108134e-02,1.5930252e-02
0.17720999244443192,1.0007013471473065,0.0007912525562480059,1810.5057263916678,1.8732528e-03,419795,1150.38439,1513.12188,3.0109527e+04,2.3614967e+01,3.1072310e+03,1.0528815e+01,3.1478551e+04,2.4890028e+01,0,nan,nan,nan,nan,1150.38439,7.6322950e-04,1513.12188,6.5113936e-04,1.6899906e-02,2.0000685e-02
0.17859885606753778,1.0005609333450503,0.0007914899260971049,1810.507115255291,1.8732281e-03,419796,1150.38302,1513.11395,3.0111951e+04,2.3621784e+01,3.1184644e+03,1.0549365e+01,3.1473779e+04,2.4897213e+01,0,nan,nan,nan,nan,1150.38302,7.6294551e-04,1513.11395,6.5079983e-04,1.6299961e-02,1.1543473e-02
0.17998771969064364,0.9992693456484588,0.0007915187789793394,1810.508504118914,1.8732034e-03,419797,1150.38257,1513.12466,3.0084244e+04,2.3622358e+01,3.1262239e+03,1.0554398e+01,3.1432768e+04,2.4897818e+01,0,nan,nan,nan,nan,1150.38257,7.6319819e-04,1513.12466,6.5134722e-04,1.5650447e-02,2.2173787e-02
0.18137658331329476,0.9996805823581678,0.0007913240358302435,1810.5098929825367,1.8731788e-03,419798,1150.38240,1513.11992,3.0076002e+04,2.3616230e+01,3.1187708e+03,1.0538291e+01,3.1445283e+04,2.4891359e+01,0,nan,nan,nan,nan,1150.38240,7.6424045e-04,1513.11992,6.5216020e-04,1.6281584e-02,1.9002741e-02
