time,flux,flux_err,time_original
-0.19075599206152252,1.0005089196213075,0.001102848621995965,2050.156304007983
-0.19064003356359266,1.000767663424239,0.001112303772979906,2041.806439966481
-0.1893671405965378,1.0015588464078955,0.0011029782168867467,2050.157692859448
-0.18925115974686613,0.9989027725200834,0.0011122452811374469,2041.8078288402978
-0.18797828913155307,1.0,0.0011024106635902074,2050.159081710913
-0.1878622863960596,1.0013550933198512,0.0011130923220847681,2041.8092177136486
-0.18658943720090704,1.0003088329987906,0.0011024515139676145,2050.160470562844
-0.18647341258002295,1.0013266451772347,0.0011126211289845182,2041.8106065874647
-0.18520058573505999,0.9999428918629166,0.00110240615651211,2050.1618594143097
-0.18508453876329642,1.0018541939538572,0.0011135556833961075,2041.8119954612814
-0.18381173427007524,1.0006112913212544,0.0011025901673316202,2050.1632482657747
-0.18369566494609563,1.0012060427928928,0.0011131713675883272,2041.8133843350986
-0.18242288280509053,1.0002102793118217,0.0011021909899253835,2050.1646371172396
-0.1823067911293691,1.0022480521274457,0.001112792613414861,2041.8147732089153
-0.1810340313396746,1.0015545051074233,0.0011031235448621685,2050.166025968705
-0.18091791777834698,1.0021197106709483,0.00111321075980614,2041.8161620822664
-0.1796451794090286,1.0025280693287597,0.0011035033569003377,2050.1674148206357
-0.17952904396114616,0.9999742338919214,0.001112880227564493,2041.8175509560836
-0.1782563279449062,1.0017903037503042,0.0011033535267857455,2050.1688036721
-0.17814017014441966,1.0018221211258984,0.001112520254809796,2041.8189398299003
-0.1771013071153242,0.9994029920640021,0.0011647924626416637,2058.5199386929294
-0.17686747648035264,1.0013514341189886,0.0011035403977042067,2050.1701925235643
-0.17675129632769312,1.0028288441138669,0.0011141115159515962,2041.820328703717
-0.1757124654292265,0.9994029920640021,0.0011647924626416637,2058.5213275346155
-0.17547862501545414,0.9993918898761206,0.001102735892317274,2050.1715813750293
-0.17536242251053544,1.0012558564827259,0.0011125124362101255,2041.8217175775342
-0.17432362327746753,0.9994029920640021,0.0011647924626416637,2058.522716376767
-0.17408977355046942,1.001574397732037,0.0011030474413098212,2050.1729702264943
-0.1739735491594702,1.000428499158333,0.0011132806726315834,2041.8231064508852
-0.17293478159180098,0.9994029920640021,0.0011647924626416637,2058.524105218453
-0.1727009220845361,0.9991578845312294,0.0011014416144070728,2050.17435907796
-0.17258467534295927,1.0031345605815551,0.0011133351310228766,2041.8244953247017
-0.1715459399062207,0.9994029920640021,0.0011647924626416637,2058.5254940601385
-0.17131207015389008,0.999925632515432,0.0011020711597255163,2050.175747929891
-0.171195801525586,1.0003155792165817,0.0011126903819297645,2041.8258841985191
-0.170157098220123,0.9994029920640021,0.0011647924626416637,2058.5268829018246
-0.16992321868890536,1.000520844555765,0.0011020791073250388,2050.177136781356
-0.16980692770885947,0.999019445716995,0.0011125764070831225,2041.8272730723359
-0.1687682565340253,0.9994029920640021,0.0011647924626416637,2058.5282717435107
-0.16853436722392062,1.0016145013737203,0.0011026567714693724,2050.1785256328208
-0.16841805389234854,1.0019065323448104,0.001113470476618805,2041.8286619461524
-0.16737941484697902,0.9994029920640021,0.0011647924626416637,2058.5296605851977
-0.1671455157589359,1.0030513873919915,0.001102770594752029,2050.1799144842857
-0.16702918054059343,1.003477298186929,0.0011138317682567668,2041.830050819504
-0.16599057269478887,0.9994029920640021,0.0011647924626416637,2058.53104942735
-0.16575666429395117,1.0012848679027158,0.0011021428544667126,2050.1813033357507
-0.1656403067238669,1.000080863265421,0.0011127700287838582,2041.8314396933208
-0.1646017310086912,0.9994029920640021,0.0011647924626416637,2058.532438269036
-0.1643678128281041,1.0018052968605555,0.0011028308419415197,2050.1826921872166
-0.16425143290739908,1.0005889531748482,0.0011132125159735778,2041.8328285671373
-0.16321288932311087,0.9994029920640021,0.0011647924626416637,2058.5338271107216
-0.16297896136311937,1.0029513757989874,0.0011029005828263252,2050.1840810386816
-0.16286255908998268,1.0015883277237259,0.0011131365642782685,2041.8342174409547
-0.16182404763606462,0.9994029920640021,0.0011647924626416637,2058.5352159524086
-0.16159010943247334,1.0031037764783095,0.0011027688954450144,2050.1854698906122
-0.16147368573891746,1.0028742065639118,0.0011139521743539014,2041.8356063143058
-0.1604352059499669,0.9994029920640021,0.0011647924626416637,2058.5366047940947
-0.1602012579674886,1.002242854828927,0.0011027326726288128,2050.186858742077
-0.16008481192244964,1.0018335164581007,0.0011129232354215046,2041.8369951881223
-0.15904636426386923,0.9994029920640021,0.0011647924626416637,2058.537993635781
-0.15881240650155531,1.0036829592368446,0.0011027829872209348,2050.188247593543
-0.15869593810503324,1.001125344757903,0.001113228834555637,2041.8383840619397
-0.15765752257734036,0.9994029920640021,0.0011647924626416637,2058.5393824774674
-0.15742355503657057,1.0015367451733121,0.0011021582744792442,2050.189636445008
-0.1573070642883067,1.0021858772612817,0.0011133517269786056,2041.8397729357564
-0.15626868042558137,0.9994029920640021,0.0011647924626416637,2058.540771319619
-0.1560347035716721,1.0010499360604377,0.0011020901885973515,2050.191025296473
-0.15591819093745707,1.0001701175174513,0.0011128197251371098,2041.8411618091072
-0.15487983873991484,0.9994029920640021,0.0011647924626416637,2058.5421601613048
-0.15464585210616996,1.00062730568472,0.0011016385368921744,2050.1924141479385
-0.1545293171200838,1.002095050198726,0.0011137841229787583,2041.8425506829246
-0.1534909970529548,0.9994029920640021,0.0011647924626416637,2058.5435490029918
-0.15325700064118522,1.0022154435545352,0.001101805412436125,2050.1938029994035
-0.15314044330335727,1.001368919454773,0.001113048612519084,2041.8439395567414
-0.15210215536590854,0.9994029920640021,0.0011647924626416637,2058.5449378446788
-0.1518681487110566,1.0015634214497582,0.0011024290891935135,2050.1951918513337
-0.1517515694875362,1.0022436821981089,0.0011131777888915442,2041.8453284305572
-0.15071331368032825,0.9994029920640021,0.0011647924626416637,2058.5463266863644
-0.1504792972451233,1.0022281118525669,0.001101719273688655,2050.1965807027996
-0.15036269613647096,1.0016035932489404,0.00111310738899181,2041.8467173039082
-0.14932447199423055,0.9994029920640021,0.0011647924626416637,2058.5477155280505
-0.14909044578013858,1.000071190763738,0.001101383105494467,2050.1979695542645
-0.14897382231996004,1.0009704910313817,0.0011135582334563334,2041.8481061777247
-0.14793563030761545,0.9994029920640021,0.0011647924626416637,2058.549104369737
-0.14770159431515384,1.0035761155242071,0.0011028659624441439,2050.1993584057295
-0.1475849485034922,1.001518250149661,0.0011133089514016566,2041.8494950515412
-0.14654678862151774,0.9994029920640021,0.0011647924626416637,2058.550493211423
-0.14631274284973794,1.0011696655220195,0.0011015814309243573,2050.200747257195
-0.14619607515152153,1.0004110061156484,0.0011129364023293635,2041.8508839248932
-0.145157946469845,0.9994029920640021,0.0011647924626416637,2058.551882053575
-0.1449238913847532,1.0013717783749732,0.0011019917074939127,2050.20213610866
-0.1448072013343207,1.0009187389808099,0.001112778407240631,2041.8522727987104
-0.14376910478279872,0.9994029920640021,0.0011647924626416637,2058.553270895262
-0.14353503992019964,1.0012017874048296,0.0011012533653565666,2050.2035249601245
-0.1434183275175942,1.0016269306867627,0.001113102093970404,2041.853661672527
-0.1423802630971322,0.9994029920640021,0.0011647924626416637,2058.5546597369475
-0.1421461884552149,1.0015568317785157,0.0011014681323505745,2050.2049138115894
-0.14202945370086767,1.0024291194419699,0.0011134732656017372,2041.8550505463438
-0.1409914214110345,0.9994029920640021,0.0011647924626416637,2058.5560485786336
-0.14075733699074758,1.0006840646298998,0.0011017131441119867,2050.206302663054
-0.14064058034937127,1.0027019004665263,0.0011134734196490477,2041.8564394196953
-0.13960257972450563,0.9994029920640021,0.0011647924626416637,2058.55743742032
-0.13936848506053273,1.0028872646703464,0.0011020901562761906,2050.207691514984
-0.13925170653264474,1.002590235790698,0.0011138293027264379,2041.857828293512
-0.1382137380375456,0.9994029920640021,0.0011647924626416637,2058.558826262007
-0.13797963359468565,1.0017664999573268,0.0011011295380702131,2050.20908036645
-0.13786283271591823,1.002848173249978,0.0011138104792882,2041.8592171673288
-0.13682489635231024,0.9994029920640021,0.0011647924626416637,2058.5602151036924
-0.13659078212970094,1.000187205438771,0.0011009069167063584,2050.210469217915
-0.1364739593644218,1.0018599484148654,0.0011137920792767605,2041.8606060406803
-0.1354360546671611,0.9994029920640021,0.0011647924626416637,2058.5616039453776
-0.1352019306647162,1.0020414233934742,0.0011016200318910957,2050.21185806938
-0.1350850855476953,1.0006658452732735,0.001112882588005038,2041.861994914497
-0.13404721298011485,0.9994029920640021,0.0011647924626416637,2058.5629927870646
-0.13381307919921406,1.0013452904108069,0.0011014695934515686,2050.2132469208454
-0.13369621173096877,1.0027312712720837,0.0011133046642608586,2041.8633837883137
-0.13265837129453453,0.9994029920640021,0.0011647924626416637,2058.56438162875
-0.13242422773379817,1.0032596712833808,0.0011017855027877198,2050.214635772311
-0.13230733837942926,1.0015562373380642,0.0011132735651849873,2041.8647726616653
-0.13126952914277557,0.9994029920640021,0.0011647924626416637,2058.565770470902
-0.13103537626881342,1.0003581580861716,0.0011009318941230413,2050.216024623776
-0.13091846456270273,1.0021538534410634,0.0011136000014143096,2041.866161535482
-0.12988068745616047,0.9994029920640021,0.0011647924626416637,2058.5671593125885
-0.1296465248038287,1.002463900919856,0.0011015873344129288,2050.217413475241
-0.12952959074601933,1.000647338968539,0.0011123731418317395,2041.8675504092987
-0.128491845770149,0.9994029920640021,0.0011647924626416637,2058.5685481542746
-0.12825767333841281,1.0009133856598864,0.0011011130713733596,2050.2188023267063
-0.1281407173944798,1.0007659050766515,0.001113650912644136,2041.8689392826502
-0.12710300408405129,0.9994029920640021,0.0011647924626416637,2058.5699369959607
-0.12686882187342807,0.9995993706632044,0.0011011085036032988,2050.2201911781713
-0.1267518435777533,1.001366212472612,0.0011127520032948245,2041.870328156467
-0.12571416239700503,0.9994029920640021,0.0011647924626416637,2058.5713258376477
-0.12547996994321323,0.9995945515032053,0.0011009190787775404,2050.2215800301014
-0.12536296976102676,1.0016210643784413,0.0011137005947301159,2041.8717170302837
-0.12432532071090734,0.9994029920640021,0.0011647924626416637,2058.572714679334
-0.12409111847736616,0.9999170538160145,0.001101479253109583,2050.2229688815673
-0.12397409640953036,1.0012510330391102,0.0011132484599000992,2041.8731059036352
-0.12293647902480963,0.9994029920640021,0.0011647924626416637,2058.57410352102
-0.12270226701238142,1.0015795192611172,0.0011022327995306113,2050.2243577330323
-0.12258522259280384,1.000799944546708,0.0011128867447841282,2041.874494777452
-0.12154763733871193,0.9994029920640021,0.0011647924626416637,2058.575492362706
-0.12131341554739669,1.0001830555409947,0.0011004616898671992,2050.2257465844973
-0.12119634924195419,0.999869116906132,0.0011129774599887912,2041.8758836508027
-0.1201587956517519,0.9994029920640021,0.0011647924626416637,2058.576881204393
-0.1199245640819808,1.0011065802693546,0.0011013409964645009,2050.2271354359627
-0.11980747542458091,1.000751692723576,0.0011128991957406395,2041.8772725246201
-0.1187699539656542,0.9994029920640021,0.0011647924626416637,2058.578270046079
-0.11853571261699607,1.0030784369744172,0.0011019420968019914,2050.2285242874277
-0.11841860160785439,1.0019542030641975,0.0011136541534857022,2041.8786613984369
-0.1173811122795565,0.9994029920640021,0.0011647924626416637,2058.579658887765
-0.1171468611524425,1.0017951846528454,0.0011010690773367291,2050.2299131388922
-0.11702972825700474,1.0026752804032306,0.0011140191908400132,2041.8800502717877
-0.1159922705934588,0.9994029920640021,0.0011647924626416637,2058.5810477294513
-0.11575800968659543,1.0027598480434659,0.0011018271610089016,2050.231301990358
-0.11564085443958835,1.0020113555260262,0.001114213677051958,2041.881439145605
-0.11460342844169982,0.9994029920640021,0.0011647924626416637,2058.582436571603
-0.1143691582216107,1.0007529240047857,0.001100830896454663,2050.232690841823
-0.1142519806238104,1.0012897744640488,0.0011134308127473006,2041.882828019421
-0.11321458675560211,0.9994029920640021,0.0011647924626416637,2058.583825413289
-0.11298030675662597,1.0000164870307677,0.0011004643310035774,2050.234079693288
-0.11286310727339191,1.001381488611425,0.0011134726222630591,2041.8842168927713
-0.11182574506855586,0.9994029920640021,0.0011647924626416637,2058.585214254976
-0.11159145529121006,1.000113737238098,0.00110064279876421,2050.2354685447535
-0.11147423345601863,1.00277702648878,0.001114146310263732,2041.8856057665887
-0.11043690338245815,0.9994029920640021,0.0011647924626416637,2058.586603096662
-0.11020260382622533,1.0005776898615406,0.0011011300864679455,2050.2368573962185
-0.1100853601049534,1.0005318898620965,0.001112868491702789,2041.8869946399398
-0.1090480616964467,0.9994029920640021,0.0011647924626416637,2058.5879919383483
-0.10881375236167178,1.0029374161309048,0.0011016034328383236,2050.238246247683
-0.10869648628844246,1.002506939755766,0.0011140271778216243,2041.8883835137563
-0.107659220010349,0.9994029920640021,0.0011647924626416637,2058.5893807800344
-0.10742490089573847,1.0018807257353222,0.0011009437090964032,2050.239635099149
-0.10730761247102608,1.0020783527440509,0.0011136348857424515,2041.8897723875737
-0.10627037832330273,0.9994029920640021,0.0011647924626416637,2058.5907696217214
-0.10603604943075375,1.0018879783737267,0.001101509640104996,2050.241023950614
-0.10591873912000395,1.001083142469402,0.0011130531999956877,2041.8911612609247
-0.10488153663720502,0.9994029920640021,0.0011647924626416637,2058.5921584634075
-0.10464719796671758,1.0017244739647049,0.0011012307493350288,2050.242412802078
-0.10452986530349302,1.000948750996023,0.0011131266558127694,2041.8925501347412
-0.10349269495110733,0.9994029920640021,0.0011647924626416637,2058.5935473050936
-0.10325834603607156,1.002878409909255,0.0011016874179321401,2050.2438016540086
-0.10314099195173791,1.0016904395708988,0.001113634955394997,2041.893939008093
-0.10210385326457846,0.9994029920640021,0.0011647924626416637,2058.59493614678
-0.1018694945702245,1.0015785937661812,0.0011009962511208157,2050.2451905054745
-0.10175211813527009,1.0018574342458137,0.001113815760474305,2041.8953278819095
-0.10071501157848077,0.9994029920640021,0.0011647924626416637,2058.596324988466
-0.10048064310567092,1.0001030297809632,0.001100383928777555,2050.246579356939
-0.10036324478442044,1.0018328936219312,0.0011136543553226922,2041.8967167552603
-0.09932616989333164,0.9994029920640021,0.0011647924626416637,2058.5977138301514
-0.0990917916406862,1.000387972318642,0.0011010535080324794,2050.247968208404
-0.09897437096678846,1.0013099558657983,0.001112833848843323,2041.898105629078
-0.09793732820723394,0.9994029920640021,0.0011647924626416637,2058.5991026718375
-0.0977029401752703,1.0019612242543956,0.0011013185967644994,2050.2493570598695
-0.09758549715027752,1.000042562014724,0.0011134554153825317,2041.8994945028944
-0.09654848652113623,0.9994029920640021,0.0011647924626416637,2058.6004915135236
-0.09631408871028557,1.0004910107680862,0.001101715963599242,2050.2507459113344
-0.096196623799471,1.0019411570661465,0.0011135849372171944,2041.9008833762452
-0.09515964483546971,0.9994029920640021,0.0011647924626416637,2058.6018803552092
-0.09492523724530083,1.0027014344387886,0.0011018620719727564,2050.2521347627994
-0.09480774998183902,1.0000624672757057,0.0011129157032246635,2041.9022722500629
-0.09377080314850968,0.9994029920640021,0.0011647924626416637,2058.6032691968962
-0.09353638577936753,1.0017987261620034,0.0011016180119755793,2050.2535236142653
-0.09341887663098937,1.0015214754192756,0.00111343301482834,2041.9036611234137
-0.09238196146146341,0.9994029920640021,0.0011647924626416637,2058.6046580385832
-0.0921475343149002,1.0018589667123674,0.0011016930466073256,2050.25491246573
-0.09203000281447843,1.0017394584440302,0.0011131451624773155,2041.9050499972302
-0.09099311977579688,0.9994029920640021,0.0011647924626416637,2058.606046880269
-0.09075868284991548,1.000809083574709,0.0011008379486749408,2050.256301317195
-0.09064112946250774,0.9999888587113548,0.0011128989079170978,2041.9064388705822
-0.08960427808969919,0.9994029920640021,0.0011647924626416637,2058.607435721955
-0.08936983138441335,1.002552779964212,0.0011019008434599532,2050.2576901686602
-0.08925225564535005,1.0006590201028986,0.0011134782774671395,2041.9078277443994
-0.08821543640317031,0.9994029920640021,0.0011647924626416637,2058.6088245636415
-0.08798097991951484,1.0012812555753312,0.0011014266239441882,2050.2590790201252
-0.08786338229428481,1.0016473108683321,0.0011134039783004842,2041.9092166177504
-0.08682659471707262,0.9994029920640021,0.0011647924626416637,2058.6102134053276
-0.08659212845453011,1.0003271009056758,0.0011008424860941932,2050.26046787159
-0.08647450847755829,1.0003683383901614,0.0011131863084722247,2041.9106054915671
-0.08543775303097492,0.9994029920640021,0.0011647924626416637,2058.6116022470137
-0.08520327698859681,0.9996372755779819,0.0011009147504869184,2050.261856723056
-0.08508563512606189,1.003223652009405,0.0011138425591936808,2041.9119943649187
-0.08404891134444606,0.9994029920640021,0.0011647924626416637,2058.6129910887003
-0.08381442552404325,0.9991294368975123,0.001100196566650406,2050.2632455745206
-0.08369676130933537,1.0009982193938274,0.0011131169848683441,2041.9133832387354
-0.08266006965834835,0.9994029920640021,0.0011647924626416637,2058.6143799303863
-0.08242557405905851,1.002729936577354,0.0011020745127274447,2050.2646344259856
-0.08230788795827013,1.0023200139794903,0.0011139308993818606,2041.9147721120864
-0.08127122797268183,0.9994029920640021,0.0011647924626416637,2058.615768772072
-0.08103672259364261,1.0017518129634082,0.00110096284200221,2050.266023277451
-0.08091901414106932,1.001616336353072,0.0011136650900503496,2041.9161609859036
-0.0798823862857218,0.9994029920640021,0.0011647924626416637,2058.617157613759
-0.07964787112865788,1.0029269730492576,0.001101991980508742,2050.267412128916
-0.07953014079000409,1.0014935282749067,0.0011130416044470928,2041.9175498592547
-0.07849354459867552,0.9994029920640021,0.0011647924626416637,2058.618546455446
-0.07825901966367316,1.0010102355894726,0.001101347346292192,2050.268800980381
-0.07814126697422613,1.0024702363532205,0.0011149890428410064,2041.9189387330705
-0.07710470291309522,0.9994029920640021,0.0011647924626416637,2058.6199352971316
-0.07687016819825725,1.0013315728738175,0.0011016734336720302,2050.2701898318464
-0.0767523936231609,1.0043364298358737,0.0011143868032994924,2041.9203276064216
-0.07571586122699753,0.9994029920640021,0.0011647924626416637,2058.6213241388177
-0.07548131673284135,1.0023881478244736,0.001101872011630766,2050.271578683312
-0.07536351980643438,1.0018616987078792,0.001113747683635449,2041.9217164802383
-0.07432701954046866,0.9994029920640021,0.0011647924626416637,2058.6227129805043
-0.07409246526785662,1.0011362112557307,0.0011014573426697373,2050.272967534777
-0.07397464645558473,0.9997168890452479,0.0011129380768070017,2041.923105353589
-0.07293817785437097,0.9994029920640021,0.0011647924626416637,2058.6241018221904
-0.0727036138028719,1.0005988237868337,0.0011008697787521955,2050.274356386242
-0.07258577263821145,1.0031110324041845,0.0011142830660837984,2041.9244942274065
-0.07154933616827326,0.9994029920640021,0.0011647924626416637,2058.6254906638765
-0.07131476233693859,1.0016015569465258,0.0011020596203393687,2050.2757452377077
-0.07119689928714622,1.0009769354255906,0.00111356993122909,2041.9258831007576
-0.070160494481227,0.9994029920640021,0.0011647924626416637,2058.6268795055635
-0.06992591087247126,1.0007861264689009,0.001101411088093885,2050.2771340891723
-0.06980802547063528,1.0017720632168117,0.0011133877887092,2041.927271974574
-0.06877165279556047,0.9994029920640021,0.0011647924626416637,2058.628268347249
-0.0685370594079177,0.9997783326757225,0.0011007766945828367,2050.278522940637
-0.06841915211888018,1.0017711435891143,0.0011138927636994247,2041.9286608479258
-0.06738281110946277,0.9994029920640021,0.0011647924626416637,2058.629657188935
-0.06714820794293297,1.0004578319412487,0.0011014049403500104,2050.2799117921018
-0.06703027830215366,1.000677058350559,0.0011135445692774253,2041.9300497217425
-0.06599396942293391,0.9994029920640021,0.0011647924626416637,2058.6310460306217
-0.0657593564783794,1.0017106583307893,0.001101877176872637,2050.2813006435663
-0.06564140495134713,0.9993220898673056,0.001113141202551684,2041.9314385950934
-0.06460512773597388,0.9994029920640021,0.0011647924626416637,2058.6324348723087
-0.0643705050134809,1.0025310100790294,0.0011020402423703567,2050.2826894950313
-0.06425253113393073,1.0002020525795394,0.0011132443601634607,2041.9328274689108
-0.06321628605073851,0.9994029920640021,0.0011647924626416637,2058.633823713994
-0.06298165354797877,1.001153746098237,0.0011013453135519174,2050.2840783464967
-0.0628636577828655,1.0007642256809253,0.001113917374652241,2041.9342163422618
-0.06182744436558938,0.9994029920640021,0.0011647924626416637,2058.635212555679
-0.06159280208299404,0.9999325068093283,0.0011010157612598161,2050.2854671979617
-0.06147478396635456,1.0011921400233041,0.001113298696602981,2041.9356052160783
-0.06043860267854311,0.9994029920640021,0.0011647924626416637,2058.636601397366
-0.06020395061800931,0.9987973943140698,0.0011007637941213935,2050.2868560494267
-0.06008591061464257,1.0023836920553473,0.0011137900032844742,2041.93699408943
-0.05904976099244542,0.9994029920640021,0.0011647924626416637,2058.637990239052
-0.05881509915216224,1.0016587957512582,0.0011015280979251756,2050.2882449008926
-0.05869703679791605,1.0018165911827985,0.0011143342486381565,2041.9383829632468
-0.05766091930643395,0.9994029920640021,0.0011647924626416637,2058.6393790807383
-0.05742624768760868,0.999973485683309,0.0011016392704349873,2050.289633752357
-0.0573081634470664,1.0009538799810809,0.001113530369632584,2041.9397718365976
-0.05627207762033625,0.9994029920640021,0.0011647924626416637,2058.6407679224244
-0.05603739622262394,1.000314195648879,0.0011012629529775604,2050.291022603822
-0.05591929009531129,1.002021276810902,0.0011148398281020907,2041.9411607099494
-0.05488323593423856,0.9994029920640021,0.0011647924626416637,2058.6421567641105
-0.05464854475720805,1.003643767069038,0.0011024971110205509,2050.2924114552875
-0.05453041627862789,1.0013354134141,0.0011135627619303637,2041.942549583766
-0.053494394248140856,0.9994029920640021,0.0011647924626416637,2058.6435456057966
-0.05325969329222331,1.0007874737012317,0.0011016529231054105,2050.2938003067525
-0.053141542927778236,1.0036217593866574,0.0011148176942763076,2041.943938457117
-0.05210555256109459,0.9994029920640021,0.0011647924626416637,2058.6449344474836
-0.05187084229289987,1.0015464795232163,0.001101658769129229,2050.295189157752
-0.051752669110361846,1.0035208053637676,0.001115057649815244,2041.9453273309343
-0.05071671087499689,0.9994029920640021,0.0011647924626416637,2058.6463232891697
-0.0504819908270528,1.0017013417244833,0.0011023538611597146,2050.2965780092177
-0.05036379575955531,1.0012939347182748,0.001114394548472392,2041.9467162042852
-0.04932786918889919,0.9994029920640021,0.0011647924626416637,2058.647712130856
-0.04909313936206807,1.002344889031831,0.0011020289706027285,2050.2979668606827
-0.048974921943044376,1.0026551277804077,0.0011148300642701372,2041.9481050781017
-0.0479390275028015,0.9994029920640021,0.0011647924626416637,2058.649100972542
-0.047704287897083336,1.0025066047215676,0.0011022594513245656,2050.2993557121476
-0.04758604859107369,1.0021340232994815,0.001114679896402953,2041.9494939514536
-0.04655018581584146,0.9994029920640021,0.0011647924626416637,2058.650489814229
-0.04631543643209861,1.002950645767198,0.0011025224464590105,2050.3007445636126
-0.046197175240224035,1.0020507288020641,0.0011138682830700499,2041.9508828248045
-0.04516134412974376,0.9994029920640021,0.0011647924626416637,2058.651878655915
-0.044926584966165306,0.9994104243048956,0.0011020741235116358,2050.3021334150785
-0.04480830142375621,1.002352550727076,0.0011145351412577694,2041.952271698621
-0.04377250244364606,0.9994029920640021,0.0011647924626416637,2058.653267497601
-0.04353773350118057,1.0032085935877388,0.0011028356266389117,2050.3035222665435
-0.043419428071785525,1.0002065357661842,0.00111361003705422,2041.953660571973
-0.0423836607571172,0.9994029920640021,0.0011647924626416637,2058.6546563392876
-0.042148882036195844,1.0032039085217923,0.001102298515682233,2050.3049111180085
-0.042030554255964456,1.002658419973802,0.001114518833734557,2041.9550494457887
-0.0409948190710195,0.9994029920640021,0.0011647924626416637,2058.6560451809737
-0.04076003057121111,1.002468141170904,0.0011028286990839755,2050.3062999694735
-0.040641680905804674,1.002681739287255,0.0011149945097656856,2041.956438319139
-0.03960597738535297,0.9994029920640021,0.0011647924626416637,2058.6574340226593
-0.03937117910622638,0.9999116482559973,0.0011018863494520043,2050.3076888209384
-0.039252807553833986,1.0029652498849135,0.0011142799814820332,2041.9578271924909
-0.03821713569839294,0.9994029920640021,0.0011647924626416637,2058.6588228643463
-0.037982327641241646,1.0037884500654592,0.0011028856314088632,2050.3090776724034
-0.03786393373667629,1.0008703377317731,0.0011144458743624823,2041.959216066308
-0.036828294477956526,0.9994029920640021,0.0011647924626416637,2058.660211705567
-0.03659347617539458,1.0016530772135854,0.0011031763868401638,2050.3104665238693
-0.03647506038561106,1.0016595717839534,0.0011145760125832779,2041.960604939659
-0.035439452791858825,0.9994029920640021,0.0011647924626416637,2058.661600547253
-0.035204624710409846,1.0010935802014969,0.0011017486840634901,2050.3118553753343
-0.03508618703454582,0.9990881276564257,0.001113567197568632,2041.9619938130102
-0.034050611105243725,0.9994029920640021,0.0011647924626416637,2058.6629893889394
-0.03381577324542512,1.0007298217101674,0.001101575092960858,2050.3132442267993
-0.03369731321734502,1.0006660921542985,0.0011145040589795583,2041.9633826868273
-0.03266176941871486,0.9994029920640021,0.0011647924626416637,2058.664378230626
-0.03242692178087155,1.0003321447025417,0.0011018479390101116,2050.314633078264
-0.032308439866279785,0.9991520172972614,0.0011128528553083258,2041.9647715601784
-0.03127292773261717,0.9994029920640021,0.0011647924626416637,2058.665767072312
-0.031038070316835392,0.9984758010859198,0.0011012197180493564,2050.316021929728
-0.03091956604955326,0.9974921762477917,0.0011130903230968281,2041.9661604339951
-0.029884086046519466,0.9994029920640021,0.0011647924626416637,2058.667155913998
-0.029649219317511948,0.9943076553529165,0.001099606777648647,2050.317410780727
-0.02953069269805686,0.9965851834978885,0.0011125174329365839,2041.9675493073466
-0.0284952443599906,0.9994029920640021,0.0011647924626416637,2058.6685447556847
-0.028260367852096048,0.995589603738893,0.0011001077710134453,2050.3187996321926
-0.02814181934699162,0.996987219894417,0.001112672357673611,2041.9689381806977
-0.0271064026738929,0.9994029920640021,0.0011647924626416637,2058.669933597371
-0.026871516387111317,0.9931715633773701,0.0010990196085687437,2050.3201884836576
-0.026752945530480684,0.996771646400629,0.0011127102989594438,2041.9703270545142
-0.025717560988743775,0.9994029920640021,0.0011647924626416637,2058.671322439056
-0.025482664922126586,0.9942448936993695,0.0010991563716992354,2050.3215773351226
-0.0253640721787687,0.993113716648287,0.001111354675381768,2041.971715927866
-0.024328719302646074,0.9994029920640021,0.0011647924626416637,2058.672711280742
-0.024093813456193283,0.9929297058883746,0.001098820853179399,2050.3229661865885
-0.023975198827703464,0.9927283337377981,0.0011109594464412604,2041.973104801217
-0.022939877616548376,0.9994029920640021,0.0011647924626416637,2058.674100122428
-0.022704961991208552,0.9935762768685876,0.0010985315586305871,2050.3243550380535
-0.022586325011192523,0.9906909604432255,0.001109621995564809,2041.9744936750335
-0.021551035930881847,0.9994029920640021,0.0011647924626416637,2058.675488964114
-0.021316110526310054,0.9931648243007661,0.0010988064859216741,2050.3257438895184
-0.02119745165948054,0.9918150319606194,0.001110705109955273,2041.9758825483852
-0.020162194243921815,0.9994029920640021,0.0011647924626416637,2058.676877805801
-0.019927259061325323,0.9913482885053668,0.001098136089675143,2050.3271327409834
-0.019808578308415304,0.9902158580912153,0.001109816563271928,2041.9772714217363
-0.018773353022536833,0.9994029920640021,0.0011647924626416637,2058.678266647022
-0.018538407595392024,0.9903470973310617,0.0010970071335554845,2050.3285215924493
-0.018419704491904363,0.9895514388316333,0.001109434847838549,2041.9786602955528
-0.017384511336870304,0.9994029920640021,0.0011647924626416637,2058.679655488708
-0.017149556130407292,0.9917418314183201,0.001098110894537689,2050.3299104439143
-0.01703083114014926,0.9886668345257502,0.0011093452567871877,2041.9800491689045
-0.015995669650772606,0.9994029920640021,0.0011647924626416637,2058.681044330394
-0.015760705131083845,0.9878174880462076,0.0010971270202553938,2050.3312992949136
-0.015641957789084025,0.9859747856874762,0.0011080351672850019,2041.9814380422556
-0.014606827964243738,0.9994029920640021,0.0011647924626416637,2058.6824331720804
-0.014371853666099116,0.9884710694889701,0.0010969617053090328,2050.3326881463786
-0.014253084438277492,0.9858031506156453,0.0011076454840018887,2041.9828269156064
-0.01321798627814604,0.9994029920640021,0.0011647924626416637,2058.6838220137665
-0.012983002201114384,0.9888875173312169,0.0010966883512471886,2050.3340769978436
-0.012864210620861101,0.9855664088901095,0.0011075652136210779,2041.9842157894238
-0.011829144592048342,0.9994029920640021,0.0011647924626416637,2058.6852108554526
-0.011594150736129651,0.9861857726164363,0.0010960349905149798,2050.3354658493085
-0.011475337269795865,0.9852841675593588,0.0011079628541318467,2041.985604662775
-0.010440302905088308,0.9994029920640021,0.0011647924626416637,2058.6865996971396
-0.010205299270282584,0.9853342615831012,0.0010952438621934554,2050.3368547007744
-0.010086463918946215,0.9870389816255852,0.0011085141631959014,2041.9869935361257
-0.009051461219421778,0.9994029920640021,0.0011647924626416637,2058.6879885388253
-0.008816447805297853,0.9873320228141165,0.0010963152049484044,2050.3382435522394
-0.00869759010157294,0.984892324165611,0.0011078637301147596,2041.9883824099431
-0.007662619533324081,0.9994029920640021,0.0011647924626416637,2058.6893773805114
-0.007427596340313121,0.9852937652621786,0.0010959155289791106,2050.3396324037044
-0.007308716750507705,0.9868156375740332,0.0011079835941473447,2041.9897712832942
-0.006273778312456502,0.9994029920640021,0.0011647924626416637,2058.6907662217322
-0.00603874487532839,0.9882758613910722,0.0010965202605710315,2050.3410212551694
-0.005919843399658054,0.9867544800366226,0.0011078223999039759,2041.991160156645
-0.004884936625410234,0.9994029920640021,0.0011647924626416637,2058.6921550634192
-0.004649893410343659,0.9845389264789385,0.0010948489419734234,2050.3424101066344
-0.00453097004885152,0.9822044406599795,0.0011072721288290298,2041.9925490299959
-0.00349609493939877,0.9994029920640021,0.0011647924626416637,2058.6935439051053
-0.0032610424110202144,0.9840423343428215,0.0010949178357536505,2050.3437989576337
-0.0031420962327717494,0.9846309396245619,0.001107100064470366,2041.993937903812
-0.002107253253301072,0.9994029920640021,0.0011647924626416637,2058.6949327467914
-0.001872190945173147,0.985043917439475,0.0010949804264587812,2050.3451878090996
-0.0017532228819652153,0.984330851820552,0.0011077895311741668,2041.9953267771627
-0.000718411567203374,0.9994029920640021,0.0011647924626416637,2058.6963215884775
-0.00048333948018841545,0.9855511418891333,0.001095846791097928,2050.3465766605646
-0.00036434952999452773,0.9830188004386118,0.0011068624204636792,2041.9967156505147
0.0006704301188943241,0.9994029920640021,0.0011647924626416637,2058.6977104301636
0.0009055119847963161,0.9865270310906734,0.0010961019590257214,2050.3479655120295
0.0010245242865164106,0.9843377427484682,0.0011077177134691816,2041.9981045243312
0.0020592718049920224,0.9994029920640021,0.0011647924626416637,2058.6990992718497
0.0022943634497810477,0.9829011707479773,0.0010942422978413695,2050.3493543634945
0.002413397637322945,0.9835613694695418,0.001107102954456383,2041.999493397682
0.0034481134920382895,0.9994029920640021,0.0011647924626416637,2058.7004881135367
0.0036832149147657794,0.9862832382510519,0.0010955905114128383,2050.3507432149595
0.0038022709892936326,0.9853585892756604,0.001107255161617167,2042.000882271034
0.004836955178135987,0.9994029920640021,0.0011647924626416637,2058.701876955223
0.0050720663793193425,0.9847328293698,0.00109556454252962,2050.352132066424
0.005191144340143283,0.9833136605069881,0.0011067447839366894,2042.0022711443848
0.006225796398572399,0.9994029920640021,0.0011647924626416637,2058.7032657964432
0.006460917378211619,0.9864012060340802,0.001095997113269989,2050.353520917423
0.006580018156654222,0.9843842831084365,0.0011079628131261715,2042.0036600182013
0.007614638084670096,0.9994029920640021,0.0011647924626416637,2058.7046546381293
0.007849768844058686,0.9859778103726548,0.001095636715790892,2050.354909768889
0.00796889150862491,0.9850995900465904,0.0011075115210310064,2042.0050488915533
0.00900347977163013,0.9994029920640021,0.0011647924626416637,2058.7060434798163
0.009238620309043419,0.9858761472834844,0.0010957654133211382,2050.3562986203538
0.009357764859431444,0.9843996586030874,0.0011074001641855635,2042.0064377649041
0.010392321456865493,0.9994029920640021,0.0011647924626416637,2058.7074323215015
0.01062747177402815,0.9865672667567562,0.0010962584886402556,2050.3576874718187
0.010746638210281094,0.9846651065247843,0.0011073580553159512,2042.007826638255
0.011781163142014621,0.9994029920640021,0.0011647924626416637,2058.7088211631867
0.012016323239444049,0.9870792624467934,0.0010956203908907723,2050.359076323284
0.012135511562251781,0.9860539897474745,0.0011076435162299966,2042.009215511607
0.013170004828974655,0.9994029920640021,0.0011647924626416637,2058.7102100048737
0.01340517470442878,0.9882907066047704,0.001096472452164983,2050.360465174749
0.013524385379409472,0.9876852958794524,0.0011082838827164874,2042.0106043854241
0.014558846515072353,0.9994029920640021,0.0011647924626416637,2058.71159884656
0.014794025703321056,0.9893591417774618,0.0010971671409949811,2050.361854025748
0.014913258730474707,0.9863331976416742,0.0011076349728177297,2042.0119932587752
0.015947687735508764,0.9994029920640021,0.0011647924626416637,2058.7129876877802
0.016182877169168126,0.9902523900509363,0.0010977717626884217,2050.363242877214
0.016302132081539942,0.9895161171527386,0.0011089811935672488,2042.0133821321263
0.017336529422123863,0.9994029920640021,0.0011647924626416637,2058.714376529467
0.017571728634152857,0.9901634297083196,0.0010971591078453298,2050.364631728679
0.01769100543307946,0.9893708938767909,0.001108933955031713,2042.0147710054778
0.01872537110822156,0.9994029920640021,0.0011647924626416637,2058.715765371153
0.018960580099137588,0.9895792157532233,0.0010972853036945267,2050.366020580144
0.019079879249805986,0.9888315610727011,0.0011091879070485593,2042.0161598792945
0.020114212793801857,0.9994029920640021,0.0011647924626416637,2058.7171542128385
0.02034943156463972,0.9927637122730892,0.0010981631350559277,2050.3674094316093
0.02046875260087122,0.991913890984045,0.0011098297139106057,2042.0175487526456
0.021503054480848126,0.9994029920640021,0.0011647924626416637,2058.7185430545255
0.021738283029624453,0.9907566925824706,0.0010978537230133542,2050.3687982830743
0.02185762595236762,0.9933509370512146,0.0011105695170412946,2042.018937625997
0.022891896167376993,0.9994029920640021,0.0011647924626416637,2058.719931896212
0.023127134028430495,0.9932128267291891,0.0010983360510387545,2050.370187134073
0.02324649930343286,0.9903401859825104,0.0011099593629690517,2042.0203264993481
0.024280737387813403,0.9994029920640021,0.0011647924626416637,2058.7213207374325
0.024515985494363797,0.994681234694365,0.0010988162602191946,2050.371575985539
0.02463537265428251,0.9960741173282077,0.0011115351656927313,2042.021715372699
0.025669579073479932,0.9994029920640021,0.0011647924626416637,2058.722709579118
0.025904836959348528,0.9954310732668799,0.001099181234428457,2050.372964837004
0.026024246005994494,0.9941380722844391,0.0011115461055823072,2042.0231042460507
0.027058420760439968,0.9994029920640021,0.0011647924626416637,2058.724098420805
0.02729368842433326,0.9948518958504905,0.001099103066447006,2050.374353688469
0.027413119822721016,0.9957612179121839,0.0011119755129139488,2042.0244931198674
0.028447262446537665,0.9994029920640021,0.0011647924626416637,2058.7254872624912
0.02868253988931799,0.9948781429966419,0.0010990676967940775,2050.375742539934
0.02880199317357067,0.9950743219042376,0.0011122576504313563,2042.0258819932183
0.029836104132635363,0.9994029920640021,0.0011647924626416637,2058.7268761041773
0.030071391355165056,0.9960281218584127,0.0010997599604465294,2050.3771313914
0.030190866525282654,0.9964996888567016,0.0011117787581428405,2042.02727086657
0.03122494581916423,0.9994029920640021,0.0011647924626416637,2058.728264945864
0.0314602423544885,0.9976281480773496,0.0011004039214046646,2050.378520242399
0.031579739875442436,0.9951731715177133,0.0011119374445218914,2042.0286597399202
0.03261378703960064,0.9994029920640021,0.0011647924626416637,2058.7296537870843
0.032849093819473235,0.9962934566766031,0.0011000083389367946,2050.379909093864
0.0329686132258178,0.9979501020033199,0.001112210243495696,2042.0300486132705
0.03400262872526717,0.9994029920640021,0.0011647924626416637,2058.73104262877
0.03423794528488913,0.9970892589657849,0.0010999703863079253,2050.3812979453296
0.034357486577572906,0.9995651580819906,0.001113241414774963,2042.0314374866223
0.035391470412227205,0.9994029920640021,0.0011647924626416637,2058.732431470457
0.03562679674987387,0.9993465670004772,0.0011002150694330028,2050.3826867967946
0.03574636039429943,0.9994155967662847,0.0011130610512616174,2042.032826360439
0.0367803120983249,0.9994029920640021,0.0011647924626416637,2058.733820312143
0.037015648214427425,0.9993649069496126,0.0011013252217703232,2050.384075648259
0.03713523374514908,0.9982802519390106,0.0011122566879935825,2042.0342152337898
0.0381691537844226,0.9994029920640021,0.0011647924626416637,2058.735209153829
0.03840449921461321,1.0009465052524469,0.0011020811096905023,2050.3854644992593
0.03852410709686107,0.9982014424810555,0.0011128824433011316,2042.0356041071416
0.039557995470951464,0.9994029920640021,0.0011647924626416637,2058.7365979955157
0.03979335067959794,1.0002697829024119,0.001100649105159858,2050.3868533507243
0.0399129804479263,1.0024687411638142,0.0011141861525397502,2042.0369929804926
0.040946836691905276,0.9994029920640021,0.0011647924626416637,2058.7379868367366
0.041182202143720335,1.0005486630400102,0.0011020738199162704,2050.3882422021884
0.041301853798775955,0.9993188283893931,0.0011127294632582063,2042.0383818538435
0.04233567837800298,0.9994029920640021,0.0011647924626416637,2058.7393756784227
0.04257105360870506,1.0029794496832791,0.001101943252102879,2050.3896310536534
0.04269072715053106,1.0000009865617894,0.0011134467595272119,2042.0397707271952
0.04372452006410067,0.9994029920640021,0.0011647924626416637,2058.7407645201088
0.0439599050736898,1.0017495050634928,0.0011014133638515306,2050.3910199051184
0.04407960050133759,1.00404124124584,0.0011138782177075475,2042.041159600546
0.045113361751060704,0.9994029920640021,0.0011647924626416637,2058.7421533617958
0.045348756073013245,1.003089455934185,0.001102558899203961,2050.3924087561177
0.04546847431784853,1.0028979476644895,0.0011144818358049357,2042.0425484743625
0.04650220343629607,0.9994029920640021,0.0011647924626416637,2058.743542203481
0.04673760753842914,1.0020216699729372,0.001101954961177739,2050.393797607583
0.046857347669819215,1.0010952261283161,0.0011133243362284866,2042.0439373477145
0.047891044655783914,0.9994029920640021,0.0011647924626416637,2058.7449310447005
0.04812645900341387,1.0023215591171948,0.001102299987790851,2050.395186459048
0.04824622102066887,1.0021804124428646,0.0011142144007846382,2042.0453262210654
0.049279886342743946,0.9994029920640021,0.0011647924626416637,2058.7463198863875
0.049515310467881206,1.000949716913196,0.0011017835955589221,2050.3965753105126
0.049635094371475404,1.0013871083557822,0.001113263964654885,2042.0467150944162
0.05066872802841048,0.9994029920640021,0.0011647924626416637,2058.747708728073
0.050904161468153214,1.00132320631002,0.0011015867449307827,2050.397964161513
0.05102396772344609,1.001471769102833,0.0011145825458169873,2042.0481039677682
0.05205756971450817,0.9994029920640021,0.0011647924626416637,2058.749097569759
0.05229301293313795,1.0002327820798873,0.0011008292802264514,2050.399353012978
0.052412841074295745,1.0012444299698267,0.0011142648019387706,2042.049492841119
0.053446411401037036,0.9994029920640021,0.0011647924626416637,2058.7504864114458
0.05368186439812268,1.003437096216148,0.0011021685936626023,2050.400741864443
0.05380171442510227,1.0020806065180066,0.0011135932535529475,2042.0508817144698
0.05483525262242202,0.9994029920640021,0.0011647924626416637,2058.751875252667
0.05507071586353858,1.0025732303159725,0.0011022526924057802,2050.4021307159082
0.05519058777707296,1.0029652690810371,0.0011133699166823708,2042.0522705878218
0.05622409430851972,0.9994029920640021,0.0011647924626416637,2058.753264094353
0.05645956686329319,1.0014456543181045,0.00110116036956678,2050.403519566908
0.056579461127922615,1.0032567290946401,0.0011141729343285113,2042.0536594611726
0.05761293599461741,0.9994029920640021,0.0011647924626416637,2058.7546529360393
0.057848418328277924,1.0009019767675096,0.0011016938629718417,2050.404908418373
0.057968334944433556,1.0017903135966837,0.001114053583271445,2042.0550483349891
0.059001777680715115,0.9994029920640021,0.0011647924626416637,2058.7560417777254
0.05923726979326265,1.0010986534310924,0.0011014654720787021,2050.406297269838
0.05935720829640424,1.0019339463544057,0.0011128775898344898,2042.056437208341
0.06039061890115152,0.9994029920640021,0.0011647924626416637,2058.757430618946
0.060626121259195954,1.000328212116311,0.0011009536521554072,2050.407686121304
0.06074608164721077,1.0000412185507692,0.0011132872312827567,2042.057826081692
0.06177946058724922,0.9994029920640021,0.0011647924626416637,2058.758819460632
0.062014972258001996,1.0012291018929098,0.0011017149642627198,2050.4090749723027
0.062134954998060425,1.0036601838091868,0.0011137428118112211,2042.0592149550428
0.06316830227420926,0.9994029920640021,0.0011647924626416637,2058.760208302319
0.06340382372298672,1.002176037728349,0.0011013052164911114,2050.4104638237677
0.06352382835003112,1.001064748516993,0.001112925669739694,2042.0606038283947
0.06455714396030696,0.9994029920640021,0.0011647924626416637,2058.761597144005
0.06479267518848886,1.0016061276391515,0.001101501986130206,2050.411852675233
0.06491270170152752,1.0028411460791153,0.0011141277468395122,2042.0619927017462
0.06594598564640465,0.9994029920640021,0.0011647924626416637,2058.762985985691
0.06618152665338736,1.0005699187637431,0.001100980809808792,2050.413241526698
0.06630157505259275,1.0018257007615956,0.0011135066652653112,2042.0633815750973
0.06733482686684106,0.9994029920640021,0.0011647924626416637,2058.7643748269115
0.0675703776527108,1.0011678399018198,0.0011013614571365013,2050.4146303776974
0.06769044840365798,1.0010630395246698,0.0011129025000212614,2042.0647704484484
0.0687236685538011,0.9994029920640021,0.0011647924626416637,2058.7657636685985
0.0689592291186441,1.0008906095343042,0.0011018415730017998,2050.4160192291633
0.06907932175450764,1.002906020923069,0.001113856582886055,2042.0661593217992
0.0701125102398988,0.9994029920640021,0.0011647924626416637,2058.7671525102846
0.07034808058319766,1.0029788203489987,0.0011020267288378424,2050.417408080628
0.070468195104883,1.0012862381544536,0.001113003640461758,2042.0675481951496
0.07150135192599649,0.9994029920640021,0.0011647924626416637,2058.7685413519707
0.0717369320481824,1.0013943609807996,0.0011013524820808794,2050.418796932093
0.07185706845573266,1.0014862612354614,0.0011131567919102675,2042.0689370685004
0.0728901931469503,0.9994029920640021,0.0011647924626416637,2058.7699301931916
0.07312578304793702,1.001142079032943,0.0011015102062118202,2050.4201857830926
0.07324594180744465,1.00148891352505,0.0011127819164743443,2042.0703259418522
0.07427903483296178,0.9994029920640021,0.0011647924626416637,2058.7713190348777
0.07451463451292174,1.0021803978068404,0.0011017957215413436,2050.4215746345576
0.07463481515850988,1.0031321889862201,0.0011139200882822758,2042.0717148152032
0.0756678765186283,0.9994029920640021,0.0011647924626416637,2058.7727078765633
0.07590348597790647,0.9997839834236824,0.0011010541496974439,2050.4229634860226
0.07602368850935953,1.0036379409244087,0.0011136086765170773,2042.073103688554
0.07705671820567457,0.9994029920640021,0.0011647924626416637,2058.7740967182503
0.07729233744289121,1.000571972555163,0.0011010089803877108,2050.4243523374876
0.07741256186111463,0.9999459890278282,0.001112564314089435,2042.0744925619058
0.07844555942611098,0.9994029920640021,0.0011647924626416637,2058.775485559471
0.07868118844126608,1.0013820233149344,0.0011009825171134047,2050.425741188486
0.07880143521213676,1.0035452211030869,0.0011133107699023955,2042.0758814352569
0.07983440111220867,0.9994029920640021,0.0011647924626416637,2058.776874401157
0.08007003990625082,1.0017369542811219,0.001101196875909555,2050.427130039951
0.0801903085629864,1.0020527350821467,0.0011125269003804214,2042.0772703086077
0.08122324279830638,0.9994029920640021,0.0011647924626416637,2058.778263242843
0.08145889137166672,1.001357345892134,0.0011014654516077963,2050.4285188914164
0.0815791819147415,0.9994162077835075,0.0011128557758418177,2042.0786591819594
0.08261208448526641,0.9994029920640021,0.0011647924626416637,2058.77965208453
0.08284774237099016,1.0036324198425253,0.0011019640164874616,2050.4299077424157
0.08296805526580674,1.0002770837937285,0.0011126858861168596,2042.0800480553105
0.08400092570475425,0.9994029920640021,0.0011647924626416637,2058.7810409257495
0.08423659383554372,0.9999438811835564,0.0011009378052067454,2050.4312965938802
0.08435692861661327,0.9996504577433797,0.0011129587244868885,2042.0814369286613
0.08538976738998962,0.9994029920640021,0.0011647924626416637,2058.7824297674347
0.08562544530139078,1.0005618858381586,0.0011011540787059988,2050.432685445346
0.08574580196836838,1.0027595735787456,0.0011134833896154083,2042.082825802013
0.08677860907694965,0.9994029920640021,0.0011647924626416637,2058.7838186091217
0.08701429676732408,1.0017804349643893,0.0011014519544470362,2050.434074296812
0.08713467531943361,1.0006663332911312,0.001112497845501783,2042.0842146753641
0.08816745076304734,0.9994029920640021,0.0011647924626416637,2058.785207450808
0.08840314776621637,1.0024481180064178,0.0011013570360514091,2050.435463147811
0.08852354867032639,1.0022156339346375,0.001112693220120749,2042.085603548715
0.08955629198348375,0.9994029920640021,0.0011647924626416637,2058.786596292028
0.08979199923111486,1.00087834583708,0.0011012087886553255,2050.436851999276
0.08991242202199524,1.00051254238889,0.0011121499669347259,2042.0869924220667
0.09094513367001263,0.9994029920640021,0.0011647924626416637,2058.7879851337148
0.091180850696617,1.001053120675098,0.0011010147733441183,2050.4382408507413
0.09130129537306049,1.001503564160171,0.0011128845393182482,2042.0883812954178
0.09233397535611032,0.9994029920640021,0.0011647924626416637,2058.789373975401
0.09256970169594043,1.002879389402982,0.0011016588236628518,2050.4396297017406
0.09269016872395325,1.0014093374613218,0.001112590432691827,2042.0897701687686
0.09372281704177685,0.9994029920640021,0.0011647924626416637,2058.7907628170865
0.09395855316092518,0.99989992124438,0.0011013598972738744,2050.4410185532056
0.09407904207570836,1.0013466280639165,0.001112715667949268,2042.0911590421204
0.09511165826316183,0.9994029920640021,0.0011647924626416637,2058.792151658308
0.09534740462677224,0.9998993394245145,0.0011005309194483108,2050.4424074046715
0.0954679154265149,1.0013995844886612,0.0011125051819062739,2042.0925479154712
0.09650049995012186,0.9994029920640021,0.0011647924626416637,2058.793540499995
0.09673625562566451,1.0023124481426333,0.0011015132717842292,2050.4437962556703
0.09685678877732143,1.0019337988717574,0.0011121832995389924,2042.093936788822
0.0978893416357884,0.9994029920640021,0.0011647924626416637,2058.7949293416805
0.09812510709064924,1.0031036048131523,0.0011016804962214763,2050.4451851071353
0.09824566212933523,1.003390143015005,0.0011137216106422974,2042.095325662174
0.0992781828562248,0.9994029920640021,0.0011647924626416637,2058.796318182901
0.09951395855606515,1.0003803334653203,0.0011013456397219357,2050.4465739586008
0.09963453548014177,1.001623243507413,0.0011123964111990554,2042.0967145355248
0.10066702454275367,0.9994029920640021,0.0011647924626416637,2058.7977070245875
0.10090280955538859,1.0007867753524673,0.0011015788058121067,2050.4479628096
0.10102340883094829,1.0025929291631395,0.001113095474118771,2042.0981034088757
0.10205586622885136,0.9994029920640021,0.0011647924626416637,2058.7990958662735
0.10229166102037332,1.002315196781207,0.0011016169253301017,2050.449351661065
0.1024122821829621,1.002206881346333,0.0011123474048301883,2042.0994922822276
0.10344470791494907,0.9994029920640021,0.0011647924626416637,2058.8004847079596
0.10368051248622039,1.0005942515590092,0.001100558079475721,2050.450740512531
0.10380115553376863,1.0035090144952619,0.0011128636104636627,2042.1008811555785
0.10483354913624782,0.9994029920640021,0.0011647924626416637,2058.801873549181
0.10506936395077396,1.0012805090092438,0.0011009955378873313,2050.4521293639955
0.105190028884144,1.003649156099138,0.0011132827065490412,2042.1022700289288
0.10622239082191434,0.9994029920640021,0.0011647924626416637,2058.8032623908666
0.1064582149500974,1.0007270486623012,0.0011008355451431523,2050.453518214995
0.10657890223520924,1.00211719506845,0.001113074665917063,2042.10365890228
0.10761123250801204,0.9994029920640021,0.0011647924626416637,2058.8046512325527
0.1078470664155133,0.9999145551013983,0.0011014333231826876,2050.4549070664602
0.10796777558601577,1.0002657679882558,0.001112630575142795,2042.1050477756307
0.10900007372887963,0.9994029920640021,0.0011647924626416637,2058.8060400737736
0.10923591788049802,1.00208507775062,0.001101605549009533,2050.456295917925
0.10935664893690854,1.0021620265185147,0.0011133601260917177,2042.1064366489816
0.11038891541497732,0.9994029920640021,0.0011647924626416637,2058.8074289154597
0.11062476887982148,0.9997634007188908,0.0011007371095167777,2050.4576847689245
0.1107455222888361,1.000680096508576,0.0011124425308783063,2042.1078255223335
0.11177775710107501,0.9994029920640021,0.0011647924626416637,2058.808817757146
0.11201362034575478,1.0006494794641978,0.001101163755924354,2050.4590736203904
0.11213439563972888,0.9996434409421541,0.001111629101779464,2042.1092143956844
0.11316659878812128,0.9994029920640021,0.0011647924626416637,2058.810206598833
0.11340247181073951,1.0024657929673806,0.0011017327549995438,2050.4604624718554
0.11352326852487413,1.0024584843087163,0.001113314286986082,2042.1106032685695
0.11455544000855769,0.9994029920640021,0.0011647924626416637,2058.811595440053
0.11479132280954554,1.0018035970354835,0.0011013877227276187,2050.4618513228543
0.1149121418768017,1.001093240737634,0.0011125189059470316,2042.1119921419215
0.11594428169465539,0.9994029920640021,0.0011647924626416637,2058.8129842817393
0.11618017427409912,1.0015295699097109,0.0011010591687578642,2050.463240174319
0.11630101522769447,1.0006262155393726,0.001112130315718081,2042.1133810152724
0.11733312338066686,0.9994029920640021,0.0011647924626416637,2058.8143731234254
0.11756902527342256,1.0015184706993572,0.0011014409196589909,2050.464629025318
0.117689888578501,1.001643712430287,0.0011127245534730218,2042.1147698886232
0.11872196460205184,0.9994029920640021,0.0011647924626416637,2058.8157619646468
0.11895787673840728,1.000370611722002,0.0011006000952644306,2050.466017876783
0.11907876193051481,1.0010267899935676,0.0011127486799356362,2042.1161587619752
0.12011080628720097,0.9994029920640021,0.0011647924626416637,2058.817150806332
0.12034672820339203,1.0018290938161092,0.0011016290564293328,2050.467406728248
0.12046763528201121,1.002003925624776,0.0011127961306082207,2042.1175476353267
0.12149964797243633,0.9994029920640021,0.0011647924626416637,2058.818539648017
0.1217355792035778,0.9996864908810728,0.0011002578499033125,2050.4687955792483
0.12185650863307644,1.00153171254689,0.0011130051094304014,2042.1189365086777
0.12288848919373507,0.9994029920640021,0.0011647924626416637,2058.8199284892385
0.12312443066813136,1.001899991155478,0.0011021325085133495,2050.470184430713
0.12324538198388298,1.0023305103677547,0.0011132410088937161,2042.1203253820286
0.1242773308794016,0.9994029920640021,0.0011647924626416637,2058.821317330924
0.12451328213311609,1.001019322784284,0.0011008403548959027,2050.471573282178
0.12463425533563807,1.0004214112242906,0.001112472529943735,2042.1217142553803
0.1256661725654993,0.9994029920640021,0.0011647924626416637,2058.82270617261
0.1259021331328707,1.0030037940229388,0.0011027691677977815,2050.4729621331776
0.12602312868670332,1.0007976336776487,0.0011121472553614234,2042.1231031287314
0.12705501378636688,0.9994029920640021,0.0011647924626416637,2058.824095013831
0.12729098459785543,1.0026481763656496,0.0011017963555849393,2050.4743509846426
0.12741200157184857,1.0027481712011415,0.0011131546808544836,2042.1244920016165
0.12844385547341314,0.9994029920640021,0.0011647924626416637,2058.825483855518
0.12867983606284017,1.0023004465600667,0.0011019607326303823,2050.4757398361076
0.12880087492360368,1.0005283875217426,0.0011123093367434015,2042.1258808749683
0.12983269715951085,0.9994029920640021,0.0011647924626416637,2058.826872697204
0.13006868706311217,1.0001472031774465,0.0011003348482887473,2050.477128687108
0.1301897482746689,1.0000422149341108,0.0011122375048660015,2042.1272697483193
0.13122153884560855,0.9994029920640021,0.0011647924626416637,2058.8282615388903
0.13145753852757952,1.0002862340478225,0.0011010404601696046,2050.4785175385723
0.13157862162547543,1.0009939039429379,0.0011124670002533557,2042.1286586216702
0.13261038006604495,0.9994029920640021,0.0011647924626416637,2058.8296503801107
0.13284638952690295,1.000441427770035,0.0011012783292314852,2050.4799063895716
0.13296749497723054,1.0019155585591255,0.0011133120964486778,2042.130047495022
0.13399922175205642,0.9994029920640021,0.0011647924626416637,2058.831039221797
0.13423524099231884,1.0017242207009185,0.0011014199948507575,2050.481295241037
0.13435636832829578,1.0018868524275448,0.0011127331350863016,2042.131436368373
0.13538806343815413,0.9994029920640021,0.0011647924626416637,2058.832428063483
0.13562409245730359,1.00331139469737,0.0011013136148203362,2050.482684092502
0.13574524167910232,1.0009433243667143,0.001113259020965479,2042.1328252417238
0.1367769046595391,0.9994029920640021,0.0011647924626416637,2058.8338169047042
0.13701294345662704,1.0009391240997991,0.0011012254200337213,2050.4840729435014
0.1371341145651961,1.0002691945354063,0.0011117080605807668,2042.13421411461
0.1381657463456368,0.9994029920640021,0.0011647924626416637,2058.8352057463903
0.13840179492256033,1.000977718106118,0.001100811207070101,2050.4854617949673
0.13852298791626136,0.9997057605716969,0.0011119815679489701,2042.135602987961
0.13955458803173448,0.9994029920640021,0.0011647924626416637,2058.8365945880764
0.13979064592188378,1.0002273126658698,0.0011008045878378608,2050.4868506459666
0.13991186126715413,1.001323620146394,0.0011126229082099488,2042.1369918613118
0.1409434292521709,0.9994029920640021,0.0011647924626416637,2058.837983429297
0.1411794973868685,1.0012172525858836,0.0011011738485281193,2050.4882394974316
0.14130073461796067,1.0022466033079405,0.0011132343847745042,2042.1383807346626
0.14233227093913095,0.9994029920640021,0.0011647924626416637,2058.839372270984
0.14256834885185324,1.0011128178193582,0.0011014771687744525,2050.4896283488965
0.14268960796833602,1.0014631292655025,0.0011128520098809503,2042.139769608013
0.14372111262522863,0.9994029920640021,0.0011647924626416637,2058.84076111267
0.14395719985203903,1.0015735691671421,0.001101609937925715,2050.4910171998968
0.14407848131914255,1.0006613425289534,0.0011130158842987087,2042.1411584813638
0.14510995384566505,0.9994029920640021,0.0011647924626416637,2058.8421499538904
0.14534605131702374,1.0006480911755071,0.0011012342508634775,2050.4924060513617
0.1454673542054951,1.0010082241331233,0.0011125805551386212,2042.1425473542502
0.14649879553219392,0.9994029920640021,0.0011647924626416637,2058.843538795577
0.1467349023163472,1.0032446807021833,0.0011018944230782313,2050.493794902361
0.14685622755630162,1.0005004163922322,0.0011121953791435094,2042.143936227601
0.14788763675263034,0.9994029920640021,0.0011647924626416637,2058.8449276367974
0.14812375378133194,1.0001842307057018,0.0011006475422265956,2050.495183753826
0.14824510090710816,1.001558459131401,0.0011132970976168903,2042.1453251009518
0.14927647843829686,0.9994029920640021,0.0011647924626416637,2058.846316478483
0.14951260524631665,1.0008602485939473,0.00110107473292782,2050.496572605291
0.14963397425912195,1.0009692591917918,0.0011127710209595583,2042.1467139743038
0.15066532012534312,0.9994029920640021,0.0011647924626416637,2058.84770532017
0.15090145624520893,1.0017056409182767,0.001101080140840834,2050.49796145629
0.15102284760992848,1.0012221359851963,0.0011122694768977148,2042.1481028476546
0.15205416134577954,0.9994029920640021,0.0011647924626416637,2058.8490941613904
0.15229030770967628,1.0002113154717172,0.0011014393023523663,2050.4993503077544
0.15241172049515997,0.9995945151520479,0.0011120217266454846,2042.1494917205398
0.153443003031791,0.9994029920640021,0.0011647924626416637,2058.8504830030765
0.1536791587089997,1.000780774012597,0.0011014948773434442,2050.5007391587537
0.15380059384708752,1.000853794719263,0.001112113177002273,2042.1508805938918
0.1548318447184061,0.9994029920640021,0.0011647924626416637,2058.851871844763
0.15506801017398444,1.0007229139110438,0.0011009808580292233,2050.5021280102187
0.15518946719789406,1.002625968631451,0.001113238832192175,2042.1522694672426
0.15622068593927368,0.9994029920640021,0.0011647924626416637,2058.853260685984
0.15645686163991773,1.002856222370942,0.0011018665002509092,2050.5035168616846
0.15657834054878683,1.0028971761312082,0.0011133863933319554,2042.1536583405934
0.1576095276244228,0.9994029920640021,0.0011647924626416637,2058.854649527669
0.1578457126392412,1.0025654791629892,0.001101979292586546,2050.504905712684
0.15796721390071441,1.0012937347672544,0.001112916522050757,2042.1550472139454
0.15899836931008934,0.9994029920640021,0.0011647924626416637,2058.856038369355
0.15923456410422593,1.0011579487624747,0.0011010610031572854,2050.506294564149
0.15935608678585966,1.0020640644634788,0.0011128030364624083,2042.1564360868306
0.16038721053095692,0.9994029920640021,0.0011647924626416637,2058.8574272105757
0.16062341510354936,1.0006011024641077,0.0011011290473688226,2050.507683415148
0.16074496013675243,1.0029393073880943,0.0011132671168238475,2042.1578249601814
0.1617760522170546,0.9994029920640021,0.0011647924626416637,2058.858816052262
0.1620122665685341,1.0008518343922936,0.0011012520776630165,2050.509072266613
0.16213383348868,1.001275972440417,0.0011126205745160332,2042.1592138335334
0.16316489343749102,0.9994029920640021,0.0011647924626416637,2058.860204893482
0.16340111756785755,1.001687552695188,0.0011013855888552797,2050.5104611176125
0.16352270683957276,1.0035739924103029,0.001113903713744587,2042.1606027068842
0.16455373512453728,0.9994029920640021,0.0011647924626416637,2058.861593735169
0.1647899690337046,1.0011179426507828,0.0011014896680883834,2050.5118499690784
0.164911579724718,1.0003792374085894,0.0011124236230810717,2042.1619915797694
0.1659425768101176,0.9994029920640021,0.0011647924626416637,2058.862982576855
0.1661788204991205,1.0009832265666314,0.0011006878386417816,2050.513238820544
0.1663004530766456,1.0020478412958889,0.001112907608065137,2042.1633804531214
0.16733141803055399,0.9994029920640021,0.0011647924626416637,2058.8643714180753
0.16756767149844395,1.0010042033254314,0.001100647350867893,2050.514627671543
0.16768932642753834,1.0007822002508073,0.0011124558449068804,2042.1647693264722
0.16872025971708285,0.9994029920640021,0.0011647924626416637,2058.865760259762
0.1689565229629975,1.0003778256905593,0.0011008946113040357,2050.5160165230077
0.16907819977834487,1.0028067647558088,0.001113407842142752,2042.166158199823
0.17010910140412913,0.9994029920640021,0.0011647924626416637,2058.867149101449
0.1703453739631833,1.001744386133517,0.0011013700391692633,2050.517405374008
0.1704670726646974,1.0014956020436956,0.00111282751584702,2042.1675470727093
0.17149794262456555,0.9994029920640021,0.0011647924626416637,2058.8685379426693
0.17173422542816802,1.0024831463522947,0.0011021000257270632,2050.518794225473
0.1718559460161938,1.0030854413845918,0.0011135509385718687,2042.1689359460609
0.17288678431066323,0.9994029920640021,0.0011647924626416637,2058.8699267843554
0.17312307642749147,1.001170128795548,0.0011014122007110085,2050.520183076472
0.17324481936725902,1.0021309989196099,0.001113837328699784,2042.170324819412
0.17427562553109965,0.9994029920640021,0.0011647924626416637,2058.871315625576
0.1745119278929936,1.001812580166337,0.0011016109244790127,2050.5215719279377
0.17463369271806556,1.0012848302198933,0.0011128745860919725,2042.1717136927628
0.17566446721719733,0.9994029920640021,0.0011647924626416637,2058.872704467262
0.17590077889231703,1.0019550602301865,0.0011012663955821558,2050.522960778937
0.17602256560415938,1.0001399100084316,0.0011126279891098387,2042.1731025656488
0.17705330890329504,0.9994029920640021,0.0011647924626416637,2058.874093308948
0.17728963035678438,1.0002075864277795,0.0011013974348595226,2050.5243496304015
0.17741143895522463,1.002745164205848,0.001113308035197171,2042.174491439
0.1784421501245938,0.9994029920640021,0.0011647924626416637,2058.8754821501693
0.17867848135705638,1.0016144833408749,0.0011012633728362327,2050.5257384814017
0.1788003123053413,1.0015755699850828,0.0011130474754777557,2042.17588031235
0.17983099181026033,0.9994029920640021,0.0011647924626416637,2058.876870991855
0.18006733282204113,1.0021418800143012,0.0011017885850597852,2050.5271273328667
0.18018918519074523,1.0004441544518374,0.0011124747977085006,2042.1772691852354
0.18121983303069672,0.9994029920640021,0.0011647924626416637,2058.8782598330754
0.18145618428702584,1.0024653234927259,0.0011017606167280387,2050.5285161843317
0.18157805854181047,1.0008114379897644,0.0011129303578331676,2042.1786580585865
0.1826086747172256,0.9994029920640021,0.0011647924626416637,2058.879648674762
0.1828450352863493,0.999584094299423,0.0011007697934341549,2050.529905035331
0.182966931892617,1.0012465064499132,0.0011128763298029344,2042.1800469319373
0.18399751640427187,0.9994029920640021,0.0011647924626416637,2058.881037516449
0.1842338867512478,1.0039308950147736,0.00110231993802516,2050.531293886796
0.18435580524437212,1.0021866844872898,0.0011131824278039144,2042.181435805289
0.1853863576247083,0.9994029920640021,0.0011647924626416637,2058.8824263576694
0.18562273775057123,0.9994314089122347,0.0011004679194579598,2050.5326827377953
0.18574467812977605,1.002636897383197,0.0011135095425046317,2042.1828246781745
0.18677519931080597,0.9994029920640021,0.0011647924626416637,2058.8838151993555
0.18701158921555597,1.0021931898111396,0.0011015128414814763,2050.5340715892603
0.18713355148066882,1.0007492238846687,0.0011125647082039433,2042.1842135515253
0.18816404053115615,0.9994029920640021,0.0011647924626416637,2058.885204040576
0.18840044021401708,1.0019208740759908,0.001101530011884392,2050.5354604402587
0.1885224248323377,1.000080951521812,0.0011125538867967385,2042.185602424877
0.18955288221725386,0.9994029920640021,0.0011647924626416637,2058.886592882262
0.1897892916790018,0.9998275411430501,0.001100974799000908,2050.5368492917237
0.18991129771774165,1.0019601738000699,0.0011133904848937178,2042.1869912977625
0.19094172390335154,0.9994029920640021,0.0011647924626416637,2058.887981723948
0.1911781426791876,1.0022847022942054,0.0011020199342510221,2050.538238142724
