time,flux,flux_err,time_bin_start,time_bin_size,timecorr,cadenceno,centroid_col,centroid_row,sap_flux,sap_flux_err,sap_bkg,sap_bkg_err,pdcsap_flux,pdcsap_flux_err,quality,psf_centr1,psf_centr1_err,psf_centr2,psf_centr2_err,mom_centr1,mom_centr1_err,mom_centr2,mom_centr2_err,pos_corr1,pos_corr2
-0.1652722825705894,1.0004294699077407,0.0003820160096872312,-0.16631394923725606,179.99999999999937,0.003419695422053337,469932,896.7842503308548,120.52447216062596,2883.4482421875,8.857275009155273,1465.112060546875,3.957812547683716,3340.497314453125,11.318814277648926,0,nan,nan,nan,nan,896.7842503308548,0.002297444734722376,120.52447216062596,0.0024236917961388826,-0.004716265015304089,0.0030557485297322273
-0.16318894923725608,0.9995679544396254,0.00038908270770578104,-0.16423061590392274,180.00000000000176,0.003428968135267496,494052,966.3283214601064,119.85279664191407,2886.810302734375,8.808052062988281,1466.6273193359375,3.925581216812134,3347.85107421875,11.264678955078125,0,nan,nan,nan,nan,966.3283214601064,0.002308137947693467,119.85279664191407,0.0023794604931026697,-0.000580676831305027,-0.006889431271702051
-0.16110561590392272,0.9996278205550062,0.0003820114425351419,-0.16214728257058938,179.99999999999937,0.003419694257900119,469935,896.7836984592686,120.5244682083152,2881.74560546875,8.858182907104492,1464.65283203125,3.9582107067108154,3338.25634765625,11.319948196411133,0,nan,nan,nan,nan,896.7836984592686,0.0022993027232587337,120.5244682083152,0.002425901824608445,-0.004804927855730057,0.0027896964456886053
-0.1590222825705894,1.0004210880719997,0.00038905936163842946,-0.16006394923725606,179.99999999999937,0.0034289767500013113,494055,966.3287315097948,119.85327966432908,2888.8330078125,8.808216094970703,1465.5986328125,3.924354076385498,3350.913330078125,11.264863967895508,0,nan,nan,nan,nan,966.3287315097948,0.0023063726257532835,119.85327966432908,0.0023780048359185457,-0.00015980008174665272,-0.006037916988134384
-0.15693894923725607,1.000000922144374,0.0003818902928399156,-0.15798061590392273,179.99999999999937,0.003419693559408188,469938,896.7837583502176,120.52427635039017,2882.397705078125,8.856325149536133,1464.9715576171875,3.9578604698181152,3339.682861328125,11.317583084106445,0,nan,nan,nan,nan,896.7837583502176,0.002298313193023205,120.52427635039017,0.0024242426734417677,-0.004833749961107969,0.0034449093509465456
-0.15485561590392272,1.0000836751062685,0.0003890310102703206,-0.1558972825705894,180.00000000000176,0.0034289853647351265,494058,966.3283877484394,119.85312222065389,2888.383544921875,8.808408737182617,1465.916015625,3.9236555099487305,3350.020263671875,11.265122413635254,0,nan,nan,nan,nan,966.3283877484394,0.002306815469637513,119.85312222065389,0.0023784569930285215,-0.0005126216565258801,-0.006082288920879364
-0.1527722825705894,0.9996251874599082,0.0003819590005992331,-0.15381394923725605,179.99999999999937,0.003419692162424326,469941,896.7843688327015,120.52425099909581,2881.974609375,8.858331680297852,1464.046875,3.957012176513672,3338.669921875,11.3201322555542,0,nan,nan,nan,nan,896.7843688327015,0.0022993371821939945,120.52425099909581,0.0024258214980363846,-0.004268669988960028,0.003291641129180789
-0.15068894923725606,0.9997932247608631,0.000388921806035879,-0.15173061590392273,179.99999999999937,0.003428994445130229,494061,966.3283969636146,119.85298694315193,2888.022705078125,8.806546211242676,1465.525634765625,3.9225504398345947,3349.20361328125,11.262748718261719,0,nan,nan,nan,nan,966.3283969636146,0.002307610586285591,119.85298694315193,0.0023781803902238607,-0.0007029628613963723,-0.006929135415703058
-0.14860561590392274,1.0004057451774497,0.00038190154940460674,-0.1496472825705894,179.99999999999937,0.0034196912311017513,469944,896.7840879708256,120.52430984662949,2884.14111328125,8.857320785522461,1464.0853271484375,3.9570605754852295,3341.28369140625,11.318845748901367,0,nan,nan,nan,nan,896.7840879708256,0.0022972451988607645,120.52430984662949,0.0024230063427239656,-0.004596407525241375,0.0027364154811948538
-0.1465222825705894,0.9999607474021236,0.00038897687633165104,-0.14756394923725608,180.00000000000176,0.003429003059864044,494064,966.3282188797474,119.85319715361433,2888.081298828125,8.807977676391602,1465.51806640625,3.923835277557373,3349.80224609375,11.264567375183105,0,nan,nan,nan,nan,966.3282188797474,0.002307495567947626,119.85319715361433,0.002378221368417144,-0.0005174076068215072,-0.00594349903985858
-0.14443894923725606,1.0003592689193253,0.0003819064401969749,-0.14548061590392272,179.99999999999937,0.0034196898341178894,469947,896.7838057411897,120.5240683763113,2883.70703125,8.857664108276367,1463.3271484375,3.9563400745391846,3341.180419921875,11.319291114807129,0,nan,nan,nan,nan,896.7838057411897,0.0022980733774602413,120.5240683763113,0.002424242440611124,-0.004688289016485214,0.003425251692533493
-0.14235561590392273,1.000383631842191,0.0003889408524701823,-0.1433972825705894,179.99999999999937,0.0034290116745978594,494067,966.3292223236688,119.85291323209245,2889.366943359375,8.807478904724121,1464.6802978515625,3.923313856124878,3351.289794921875,11.263935089111328,0,nan,nan,nan,nan,966.3292223236688,0.002306238515302539,119.85291323209245,0.0023772905115038157,4.1886155486281496e-06,-0.006933137774467468
-0.14027228257058938,0.9995058494793093,0.0003806295297155963,-0.14131394923725607,180.00000000000176,0.0034183980897068977,466965,889.1712806777088,120.59720061951123,2881.052734375,8.879015922546387,1482.3553466796875,3.972417116165161,3337.24951171875,11.345468521118164,0,nan,nan,nan,nan,889.1712806777088,0.0023013995960354805,120.59720061951123,0.002435695379972458,-0.004877482540905476,0.0036802298855036497
-0.13818894923725605,1.000149299648825,0.000387611473258228,-0.13923061590392272,179.99999999999937,0.00342754228040576,490616,957.4179996361999,119.93887409800014,2888.649658203125,8.8306303024292,1484.5892333984375,3.939764976501465,3349.3408203125,11.292258262634277,0,nan,nan,nan,nan,957.4179996361999,0.002308705123141408,119.93887409800014,0.002388805616647005,-0.0002872910990845412,-0.006604427006095648
-0.13610561590392273,0.9995418127563551,0.0003792609073537835,-0.1371472825705894,179.99999999999937,0.003417139407247305,464055,881.7452869782763,120.66844279325042,2881.642822265625,8.898422241210938,1500.62255859375,3.9867453575134277,3336.41015625,11.369218826293945,0,nan,nan,nan,nan,881.7452869782763,0.002303258515894413,120.66844279325042,0.0024442188441753387,-0.0037400147411972284,0.0030252737924456596
-0.1340222825705894,0.9997673338364002,0.0003875810330449426,-0.13506394923725606,179.99999999999937,0.0034275506623089314,490619,957.4175520139726,119.93930205868395,2887.489013671875,8.830245018005371,1484.5123291015625,3.9395692348480225,3348.0693359375,11.291760444641113,0,nan,nan,nan,nan,957.4175520139726,0.002309717470780015,119.93930205868395,0.0023897152859717607,-0.0002167604397982359,-0.006272167898714542
-0.13193894923725608,1.0000959028713747,0.00037926388900982096,-0.13298061590392274,179.99999999999937,0.003417139407247305,464058,881.7448675870023,120.66794103946326,2883.11572265625,8.898785591125488,1499.796875,3.9861350059509277,3338.28955078125,11.369691848754883,0,nan,nan,nan,nan,881.7448675870023,0.0023026010021567345,120.66794103946326,0.0024428898468613625,-0.004379658494144678,0.0024968909565359354
-0.12985561590392275,1.0000057228034245,0.0003876232423546113,-0.1308972825705894,180.00000000000176,0.0034275611396878958,490622,957.4179198547945,119.93843795550706,2888.257080078125,8.831225395202637,1483.7728271484375,3.939769744873047,3348.867919921875,11.293001174926758,0,nan,nan,nan,nan,957.4179198547945,0.002309066243469715,119.93843795550706,0.002389082685112953,8.11608333606273e-05,-0.006059657316654921
-0.1277722825705894,1.0002006803911563,0.0003792266716069471,-0.12881394923725606,179.99999999999937,0.003417140105739236,464061,881.7449911058126,120.66880068840958,2882.826416015625,8.898004531860352,1499.2156982421875,3.985934019088745,3338.6025390625,11.368694305419922,0,nan,nan,nan,nan,881.7449911058126,0.002302955137565732,120.66880068840958,0.002442970871925354,-0.003910457715392113,0.0033817263320088387
-0.12568894923725607,1.0003431852839437,0.00038761708490488785,-0.12673061590392273,179.99999999999937,0.0034275702200829983,490625,957.4172131847906,119.93820652352552,2888.640625,8.831096649169922,1483.5350341796875,3.9397482872009277,3349.9716796875,11.292837142944336,0,nan,nan,nan,nan,957.4172131847906,0.002308777766302228,119.93820652352552,0.0023891152814030647,-0.0009578607860021293,-0.006759793497622013
-0.12360561590392274,0.9998580102217101,0.00037920545661132804,-0.12464728257058941,180.00000000000057,0.003417140804231167,464064,881.7455149928709,120.66810489181475,2882.128662109375,8.897439956665039,1498.82568359375,3.9856998920440674,3337.416259765625,11.367973327636719,0,nan,nan,nan,nan,881.7455149928709,0.002302458742633462,120.66810489181475,0.00244324142113328,-0.0037659199442714453,0.0033521200530231
-0.12152228257058939,0.999930254078514,0.00038755370660402394,-0.12256394923725607,180.00000000000057,0.0034275795333087444,490628,957.4174527225824,119.93839036788692,2887.85205078125,8.829895973205566,1483.4404296875,3.9389517307281494,3348.608642578125,11.291324615478516,0,nan,nan,nan,nan,957.4174527225824,0.0023097454104572535,119.93839036788692,0.002389140659943223,-0.0007379883900284767,-0.007157872896641493
-0.11943894923725606,1.0002758881375808,0.00037922457007527697,-0.12048061590392273,179.99999999999937,0.003417141269892454,464067,881.7451261330622,120.66864421769796,2882.61083984375,8.897706031799316,1498.13232421875,3.9852473735809326,3338.68408203125,11.368300437927246,0,nan,nan,nan,nan,881.7451261330622,0.0023024827241897583,120.66864421769796,0.0024436023086309433,-0.004020660184323788,0.0035109955351799726
-0.11735561590392274,1.0000130148092594,0.0003874332394557853,-0.1183972825705894,180.00000000000057,0.003427588613703847,490631,957.4177138046738,119.93798556206067,2888.208740234375,8.827109336853027,1482.2080078125,3.938115119934082,3348.80224609375,11.287761688232422,0,nan,nan,nan,nan,957.4177138046738,0.0023082043044269085,119.93798556206067,0.0023878831416368484,-0.00029442887171171606,-0.006820647977292538
-0.11527228257058938,0.9998296661312333,0.0003791744287915712,-0.11631394923725606,180.00000000000057,0.003417141502723098,464070,881.7448066943736,120.66806182559844,2881.825927734375,8.896615028381348,1497.4720458984375,3.9840896129608154,3337.177490234375,11.36693000793457,0,nan,nan,nan,nan,881.7448066943736,0.002302830806002021,120.66806182559844,0.0024440644774585962,-0.003850487759336829,0.0025461011100560427
-0.11318894923725606,0.9999311518009473,0.0003873774639109279,-0.11423061590392272,179.99999999999937,0.003427597926929593,490634,957.4175682098498,119.93911594595566,2887.414306640625,8.825892448425293,1481.3433837890625,3.937086343765259,3348.5390625,11.286216735839844,0,nan,nan,nan,nan,957.4175682098498,0.0023082601837813854,119.93911594595566,0.0023883888497948647,-0.00018467509653419256,-0.005214446224272251
-0.11110561590392273,1.0000239767991066,0.00037911484698312497,-0.1121472825705894,179.99999999999937,0.0034171422012150288,464073,881.744763656831,120.66844246138783,2882.360107421875,8.895054817199707,1496.4923095703125,3.984063148498535,3337.72216796875,11.364930152893066,0,nan,nan,nan,nan,881.744763656831,0.002301845932379365,120.66844246138783,0.002442793222144246,-0.0040520294569432735,0.002786083845421672
-0.10902228257058941,1.0000408914205485,0.0003874786071589285,-0.11006394923725607,180.00000000000057,0.0034276070073246956,490637,957.417353028167,119.93866352748712,2887.685791015625,8.827987670898438,1480.2020263671875,3.9387872219085693,3348.908203125,11.288881301879883,0,nan,nan,nan,nan,957.417353028167,0.0023086443543434143,119.93866352748712,0.002388767898082733,-0.0004913111915811896,-0.005925090983510017
-0.10693894923725605,0.9999971397706106,0.00037914909799738425,-0.10798061590392273,180.00000000000057,0.003417142666876316,464076,881.745501232136,120.66829442895956,2882.19970703125,8.895831108093262,1496.5697021484375,3.9841363430023193,3337.620849609375,11.365924835205078,0,nan,nan,nan,nan,881.745501232136,0.002302340231835842,120.66829442895956,0.002443394623696804,-0.0038505748379975557,0.002889693249017
-0.10485561590392273,0.9998518112323341,0.0003849758009116724,-0.10589728257058939,179.99999999999937,0.0034278295934200287,494206,966.8042340581216,119.8489241923279,2887.217529296875,8.830812454223633,1492.0596923828125,3.9423060417175293,3349.301513671875,11.29387378692627,0,nan,nan,nan,nan,966.8042340581216,0.0023144036531448364,119.8489241923279,0.00238507566973567,-0.0005302649224177003,-0.006801644340157509
-0.1027722825705894,1.0000128398546688,0.0003745845190438183,-0.10381394923725606,180.00000000000057,0.0034177866764366627,471335,900.9785460047368,120.48316267050686,2882.311767578125,8.901395797729492,1516.0528564453125,3.9913158416748047,3340.05322265625,11.375828742980957,0,nan,nan,nan,nan,900.9785460047368,0.0023125354200601578,120.48316267050686,0.002434771740809083,-0.004225399810820818,0.0017148923361673951
-0.10068894923725606,0.9996050459219075,0.0003849204361809212,-0.10173061590392272,179.99999999999937,0.0034278379753232002,494209,966.8040180922591,119.84843522280208,2886.866455078125,8.829655647277832,1491.100830078125,3.9400813579559326,3348.528564453125,11.292394638061523,0,nan,nan,nan,nan,966.8040180922591,0.0023140604607760906,119.84843522280208,0.0023849462158977985,-0.0003326111473143101,-0.00626196525990963
-0.09860561590392272,0.9999774955441121,0.0003745130680039228,-0.0996472825705894,180.00000000000057,0.00341778714209795,471338,900.9785651046938,120.48342366314414,2882.168212890625,8.899595260620117,1514.1334228515625,3.9884157180786133,3339.910400390625,11.373502731323242,0,nan,nan,nan,nan,900.9785651046938,0.002312110038474202,120.48342366314414,0.002434487920254469,-0.004361534025520086,0.0017701605102047324
-0.0965222825705894,1.000048604754236,0.00038489209992412145,-0.09756394923725606,179.99999999999937,0.0034278470557183027,494212,966.8041824341882,119.84850378625728,2887.62158203125,8.829028129577637,1490.1746826171875,3.9401917457580566,3349.9482421875,11.291587829589844,0,nan,nan,nan,nan,966.8041824341882,0.0023132844362407923,119.84850378625728,0.0023838593624532223,-0.0003481111489236355,-0.006330539006739855
-0.09443894923725607,0.9997349738410838,0.0003744364445998127,-0.09548061590392273,180.00000000000057,0.0034177873749285936,471341,900.9794259053679,120.48362675485784,2881.48876953125,8.897943496704102,1513.21240234375,3.988093376159668,3339.20458984375,11.371394157409668,0,nan,nan,nan,nan,900.9794259053679,0.0023116800002753735,120.48362675485784,0.002435075119137764,-0.0037827694322913885,0.0019150386797264218
-0.09235561590392273,1.000123333532423,0.000384852090319234,-0.0933972825705894,179.99999999999937,0.0034278559032827616,494215,966.8042559791112,119.84835345443226,2887.84228515625,8.828267097473145,1489.5079345703125,3.9394917488098145,3350.294189453125,11.290623664855957,0,nan,nan,nan,nan,966.8042559791112,0.002312996191903949,119.84835345443226,0.00238374643959105,-0.00016792315000202507,-0.006583503447473049
-0.09027228257058939,1.0002406880240695,0.00037435252669827554,-0.09131394923725607,180.00000000000057,0.0034177866764366627,471344,900.978601731441,120.48297245633778,2882.829345703125,8.896268844604492,1512.5322265625,3.9870827198028564,3340.888671875,11.369268417358398,0,nan,nan,nan,nan,900.978601731441,0.0023107281886041164,120.48297245633778,0.0024327682331204414,-0.0043950327672064304,0.0011471924372017384
-0.08818894923725606,0.9999155769054378,0.0003848475099970275,-0.08923061590392273,179.99999999999937,0.003427864285185933,494218,966.803390925502,119.8484921167183,2887.242919921875,8.82822322845459,1489.0924072265625,3.9403834342956543,3349.61962890625,11.290559768676758,0,nan,nan,nan,nan,966.803390925502,0.0023132828064262867,119.8484921167183,0.002384106395766139,-0.0008043377310968935,-0.0068189059384167194
-0.08610561590392274,1.0003882196661074,0.00037433719605845054,-0.0871472825705894,180.00000000000057,0.00341778714209795,471347,900.9789451189006,120.4832249433703,2883.329345703125,8.896283149719238,1510.5379638671875,3.9872076511383057,3341.524169921875,11.36929702758789,0,nan,nan,nan,nan,900.9789451189006,0.0023106210865080357,120.4832249433703,0.0024329647421836853,-0.0037335921078920364,0.001399206928908825
-0.0840222825705894,0.9999430930161635,0.0003847832794304987,-0.08506394923725606,179.99999999999937,0.0034278733655810356,494221,966.8039172878722,119.84873334083143,2887.411376953125,8.826961517333984,1487.575927734375,3.9401257038116455,3349.8154296875,11.288949012756348,0,nan,nan,nan,nan,966.8039172878722,0.0023126136511564255,119.84873334083143,0.00238397135399282,-0.0007339713629335165,-0.006809525657445192
-0.08193894923725606,1.0004022028366701,0.0003743926909063515,-0.08298061590392274,180.00000000000057,0.0034177873749285936,471350,900.9792291658232,120.48362709770365,2883.129150390625,8.897418975830078,1509.86328125,3.986231803894043,3341.560302734375,11.37071704864502,0,nan,nan,nan,nan,900.9792291658232,0.002310649026185274,120.48362709770365,0.002433598041534424,-0.004259457811713219,0.0013886524830013514
-0.07985561590392273,0.9991665991349112,0.00038476221451767313,-0.0808972825705894,179.99999999999937,0.0034278822131454945,494224,966.8044302972186,119.84838120053857,2885.741943359375,8.826427459716797,1487.0296630859375,3.9383771419525146,3347.236083984375,11.288246154785156,0,nan,nan,nan,nan,966.8044302972186,0.0023139375261962414,119.84838120053857,0.002385195344686508,-0.0001457053585909307,-0.006980985403060913
-0.07777228257058941,1.0000444840739282,0.0003743395821032686,-0.07881394923725607,180.00000000000057,0.00341778714209795,471353,900.9780072084252,120.48314717768532,2882.417724609375,8.89640998840332,1508.5780029296875,3.9860408306121826,3340.50634765625,11.369423866271973,0,nan,nan,nan,nan,900.9780072084252,0.002310970099642873,120.48314717768532,0.0024342737160623074,-0.004797766916453838,0.001409904914908111
-0.07568894923725607,1.000117079431971,0.00038473119585319144,-0.07673061590392273,179.99999999999937,0.0034278910607099533,494227,966.8041726722458,119.84831285053016,2888.423583984375,8.826288223266602,1485.6175537109375,3.9365758895874023,3350.48291015625,11.28809928894043,0,nan,nan,nan,nan,966.8041726722458,0.0023123016580939293,119.84831285053016,0.0023827373515814543,-0.00017772101273294538,-0.006806776858866215
-0.07360561590392273,1.0002549436416157,0.0003742609899312558,-0.0746472825705894,180.00000000000057,0.0034177873749285936,471356,900.9790068927317,120.48329723400742,2883.037841796875,8.894978523254395,1507.3717041015625,3.98425030708313,3341.267578125,11.36760425567627,0,nan,nan,nan,nan,900.9790068927317,0.002310245530679822,120.48329723400742,0.002432991284877062,-0.004490607418119907,0.0018116225255653262
-0.0715222825705894,1.000061028955547,0.0003847350714469527,-0.07256394923725606,180.00000000000057,0.003427899908274412,494230,966.8041101738793,119.84824980469675,2888.763427734375,8.82650089263916,1485.317138671875,3.9378035068511963,3350.376953125,11.288365364074707,0,nan,nan,nan,nan,966.8041101738793,0.002311918418854475,119.84824980469675,0.002382262609899044,-0.0005595892434939742,-0.007666744291782379
-0.06943894923725606,1.0004114596639182,0.00037415023464403344,-0.07048061590392272,179.99999999999937,0.0034177866764366627,471359,900.978115272385,120.48389301417731,2883.2568359375,8.892706871032715,1506.74462890625,3.9840495586395264,3341.837890625,11.364706993103027,0,nan,nan,nan,nan,900.978115272385,0.0023093114141374826,120.48389301417731,0.0024316248018294573,-0.004253107588738203,0.0021099329460412264
-0.06735561590392272,1.0004771025527817,0.00038466615188284065,-0.0683972825705894,180.00000000000057,0.0034279082901775837,494233,966.803441924268,119.84866838165898,2888.998046875,8.825172424316406,1483.8807373046875,3.9370319843292236,3351.798583984375,11.28666877746582,0,nan,nan,nan,nan,966.803441924268,0.0023115624208003283,119.84866838165898,0.002381774364039302,-0.0012909992365166545,-0.006779576651751995
-0.0652722825705894,1.000147362816564,0.0003741421713954254,-0.06631394923725606,179.99999999999937,0.003417786443606019,471362,900.97842506998,120.48342737290334,2882.7626953125,8.892775535583496,1505.5450439453125,3.9844822883605957,3341.09375,11.364790916442871,0,nan,nan,nan,nan,900.97842506998,0.002309526549652219,120.48342737290334,0.0024326483253389597,-0.004497108049690723,0.001641094102524221
-0.06318894923725607,0.999391631010452,0.00038453374666072446,-0.06423061590392273,180.00000000000057,0.003427917370572686,494236,966.8042949502085,119.84822910606032,2886.690673828125,8.822357177734375,1483.605712890625,3.9355573654174805,3348.26171875,11.283068656921387,0,nan,nan,nan,nan,966.8042949502085,0.0023124287836253643,119.84822910606032,0.002383195562288165,0.00012145010259700939,-0.007523882202804089
-0.06110561590392273,0.9997072249335875,0.0003740313839681162,-0.06214728257058939,179.99999999999937,0.003417786443606019,471365,900.9786559619645,120.48314910238105,2881.983642578125,8.890461921691895,1503.9830322265625,3.982539653778076,3339.705078125,11.361834526062012,0,nan,nan,nan,nan,900.9786559619645,0.0023096606601029634,120.48314910238105,0.0024326436687260866,-0.0048481314443051815,0.0009263211977668107
-0.0590222825705894,0.9998137367416896,0.00038454587160258565,-0.06006394923725607,180.00000000000057,0.0034279257524758577,494239,966.8041973323512,119.84863820739774,2887.799072265625,8.822931289672852,1483.0677490234375,3.935211181640625,3349.766845703125,11.283808708190918,0,nan,nan,nan,nan,966.8041973323512,0.0023116839583963156,119.84863820739774,0.002382594859227538,-0.0002908221504185349,-0.006728831212967634
-0.056938949237256065,1.0000878457059552,0.0003739924242728273,-0.05798061590392273,179.99999999999937,0.003417785745114088,471368,900.9787887221116,120.48343971766614,2882.56591796875,8.889859199523926,1503.181884765625,3.9821319580078125,3341.043212890625,11.361067771911621,0,nan,nan,nan,nan,900.9787887221116,0.0023091761395335197,120.48343971766614,0.0024318862706422806,-0.004346912261098623,0.0021921980660408735
-0.05485561590392273,0.9999642945751008,0.0003845274971955843,-0.0558972825705894,180.00000000000057,0.0034279346000403166,494242,966.8034039838077,119.84890920431859,2887.664306640625,8.822518348693848,1481.5494384765625,3.9345288276672363,3350.324951171875,11.283267974853516,0,nan,nan,nan,nan,966.8034039838077,0.0023119093384593725,119.84890920431859,0.0023827545810490847,-0.0006628811242990196,-0.006462349556386471
-0.0527722825705894,0.9999920218293031,0.0003739319610057477,-0.05381394923725606,179.99999999999937,0.0034177852794528008,471371,900.9788658711223,120.48375981452529,2882.681640625,8.88886547088623,1502.31884765625,3.9806010723114014,3340.81298828125,11.35981273651123,0,nan,nan,nan,nan,900.9788658711223,0.0023089575115591288,120.48375981452529,0.002431772882118821,-0.004376696888357401,0.0016506763640791178
-0.050688949237256066,0.9997460085678426,0.0003844288070173971,-0.051730615903922736,180.00000000000057,0.0034279434476047754,494245,966.8036258240061,119.84818764656869,2887.5166015625,8.820741653442383,1481.6024169921875,3.934621572494507,3349.66748046875,11.281023025512695,0,nan,nan,nan,nan,966.8036258240061,0.0023117049131542444,119.84818764656869,0.0023820586502552032,-0.0009718097862787545,-0.007085470948368311
-0.04860561590392273,1.0002088208321283,0.0003739340384189253,-0.049647282570589396,179.99999999999937,0.0034177852794528008,471374,900.9792740708763,120.48296194168482,2883.546142578125,8.888860702514648,1500.83544921875,3.9810667037963867,3341.55322265625,11.359786987304688,0,nan,nan,nan,nan,900.9792740708763,0.0023077991791069508,120.48296194168482,0.002430933527648449,-0.0039408160373568535,0.0015737881185486913
-0.0465222825705894,0.9997448293046929,0.0003843711547705054,-0.04756394923725607,180.00000000000057,0.0034279513638466597,494248,966.8039408064535,119.8487873313631,2887.3466796875,8.819466590881348,1480.2186279296875,3.9332611560821533,3349.6650390625,11.279383659362793,26,nan,nan,nan,nan,966.8039408064535,0.002311296295374632,119.8487873313631,0.0023818041663616896,-0.0008450050954706967,-0.006201636511832476
-0.04443894923725607,1.0001460713359311,0.0003738738492129293,-0.04548061590392273,179.99999999999937,0.0034177852794528008,471377,900.9789421329972,120.48403983997527,2882.864501953125,8.887608528137207,1499.078857421875,3.9795544147491455,3341.441650390625,11.358186721801758,24,nan,nan,nan,nan,900.9789421329972,0.0023090029135346413,120.48403983997527,0.0024314909242093563,-0.003684626193717122,0.002276367275044322
-0.042355615903922735,1.000098947850247,0.00038447969108580383,-0.043397282570589404,180.00000000000057,0.003427959745749831,494251,966.8039895689304,119.84898453316913,2888.1630859375,8.82168960571289,1479.416015625,3.934061288833618,3350.816650390625,11.282194137573242,52,nan,nan,nan,nan,966.8039895689304,0.0023109486792236567,119.84898453316913,0.002382083097472787,-0.0008493761415593326,-0.0061350357718765736
-0.0402722825705894,0.9996107006711994,0.00037377047675373176,-0.041313949237256065,179.99999999999937,0.003417785046622157,471380,900.9785276055948,120.48336631473653,2882.075439453125,8.885377883911133,1497.9742431640625,3.979724407196045,3339.69482421875,11.355341911315918,24,nan,nan,nan,nan,900.9785276055948,0.002308005467057228,120.48336631473653,0.002431207802146673,-0.0042954422533512115,0.0018274964531883597
-0.03818894923725606,1.00001513319308,0.00038436406402980354,-0.03923061590392274,180.00000000000176,0.0034279690589755774,494254,966.8043323901156,119.84865413609113,2888.314208984375,8.81949520111084,1478.9739990234375,3.9332830905914307,3350.569091796875,11.27942180633545,52,nan,nan,nan,nan,966.8043323901156,0.002310330979526043,119.84865413609113,0.0023808819241821766,0.0002053878561127931,-0.006311923265457153
-0.03610561590392272,0.9997853685554277,0.0003736752182387189,-0.037147282570589385,179.99999999999937,0.003417785046622157,471383,900.9784639957113,120.48345898696273,2882.361328125,8.883366584777832,1496.7119140625,3.9783802032470703,3340.313232421875,11.352782249450684,24,nan,nan,nan,nan,900.9784639957113,0.002307354239746928,120.48345898696273,0.002430438995361328,-0.004497136455029249,0.0013223260175436735
-0.034022282570589396,0.9995139381629696,0.00038428633810389326,-0.03506394923725606,179.99999999999937,0.0034279765095561743,494257,966.8040473159475,119.84862935961486,2886.945068359375,8.817564964294434,1477.307861328125,3.9318230152130127,3348.83203125,11.27694034576416,52,nan,nan,nan,nan,966.8040473159475,0.0023111726623028517,119.84862935961486,0.0023810705170035362,-0.0002407551510259509,-0.005926943384110928
-0.03193894923725607,0.9981382751076021,0.0003735575785677262,-0.03298061590392273,179.99999999999937,0.003417784348130226,471386,900.9791764010006,120.48386776559911,2877.68994140625,8.880427360534668,1496.1856689453125,3.976900815963745,3334.7392578125,11.349008560180664,24,nan,nan,nan,nan,900.9791764010006,0.0023108934983611107,120.48386776559911,0.0024333421606570482,-0.0040277959778904915,0.002489471808075905
-0.02985561590392273,0.9952935506636081,0.00038398246117706377,-0.030897282570589407,180.00000000000176,0.003427985357120633,494260,966.8034172421338,119.84863845649812,2875.72802734375,8.810553550720215,1477.0538330078125,3.93192982673645,3334.754150390625,11.267971992492676,52,nan,nan,nan,nan,966.8034172421338,0.0023183461744338274,119.84863845649812,0.002389198401942849,-0.0010254724184051156,-0.006656524259597063
-0.02777228257058939,0.9921765311889588,0.00037307501197352585,-0.028813949237256054,179.99999999999937,0.003417784348130226,471389,900.9781770759695,120.48391976406009,2862.365966796875,8.868819236755371,1494.6060791015625,3.9763431549072266,3314.85107421875,11.334161758422852,24,nan,nan,nan,nan,900.9781770759695,0.002319850493222475,120.48391976406009,0.002443496836349368,-0.004329564515501261,0.002090481109917164
-0.025688949237256065,0.9882875900319118,0.00038343917919370806,-0.026730615903922728,179.99999999999937,0.003427993506193161,494263,966.8037680135656,119.84899398521,2857.4345703125,8.797680854797363,1475.40966796875,3.931442975997925,3311.204345703125,11.251483917236328,52,nan,nan,nan,nan,966.8037680135656,0.002329572569578886,119.84899398521,0.0024014273658394814,-0.00013337063137441874,-0.0063902027904987335
-0.02360561590392274,0.9850069240587027,0.00037255370874307657,-0.0246472825705894,179.99999999999937,0.003417783183977008,471392,900.9780617950512,120.48365715614462,2843.801513671875,8.856059074401855,1493.4423828125,3.9746837615966797,3290.8359375,11.317825317382812,24,nan,nan,nan,nan,900.9780617950512,0.0023312773555517197,120.48365715614462,0.0024564238265156746,-0.004474081564694643,0.001443169079720974
-0.0215222825705894,0.9819928313861147,0.0003829107217469208,-0.022563949237256076,180.00000000000176,0.0034280018880963326,494266,966.8036465978691,119.84912237850595,2840.940673828125,8.78541088104248,1473.9595947265625,3.929807662963867,3290.142333984375,11.235791206359863,52,nan,nan,nan,nan,966.8036465978691,0.002340116072446108,119.84912237850595,0.002412636298686266,-0.000792597362305969,-0.006745859049260616
-0.01943894923725606,0.9789471579840274,0.00037212235948580984,-0.020480615903922722,179.99999999999937,0.003417782485485077,471395,900.9783923123808,120.48385476838872,2828.209228515625,8.845587730407715,1491.922607421875,3.9747507572174072,3270.6142578125,11.304434776306152,24,nan,nan,nan,nan,900.9783923123808,0.0023413642775267363,120.48385476838872,0.0024675303138792515,-0.004394514486193657,0.001979617401957512
-0.017355615903922733,0.9791878408604299,0.00038265208294424965,-0.018397282570589396,179.99999999999937,0.0034280105028301477,494269,966.8036155065838,119.84845778994608,2834.114501953125,8.77936840057373,1473.6102294921875,3.929272413253784,3280.7314453125,11.228067398071289,52,nan,nan,nan,nan,966.8036155065838,0.002343908417969942,119.84845778994608,0.002417022828012705,-0.0001787695800885558,-0.007362706586718559
-0.015272282570589407,0.9780415575096512,0.000373865810884113,-0.01631394923725607,179.99999999999937,0.0034176649060100317,474253,908.4572831978579,120.41217971628073,2825.801513671875,8.835935592651367,1490.08154296875,3.9692227840423584,3268.67138671875,11.293050765991211,24,nan,nan,nan,nan,908.4572831978579,0.0023437938652932644,120.41217971628073,0.002463350538164377,-0.004939298145473003,0.0021565216593444347
-0.013188949237256067,0.9779668725900018,0.0003825336327902146,-0.014230615903922744,180.00000000000176,0.0034280186519026756,494272,966.8037629380784,119.84853936978531,2830.218505859375,8.776359558105469,1471.99609375,3.9287071228027344,3276.508544921875,11.224214553833008,52,nan,nan,nan,nan,966.8037629380784,0.0023460648953914642,119.84853936978531,0.002419340191408992,-0.00016602681716904044,-0.0063707237131893635
-0.011105615903922728,0.9772461261609454,0.00037197002680203206,-0.01214728257058939,179.99999999999937,0.0034177813213318586,471401,900.9787860317059,120.4843627095741,2823.781005859375,8.841804504394531,1490.0751953125,3.9740405082702637,3264.896240234375,11.299612998962402,24,nan,nan,nan,nan,900.9787860317059,0.0023438993375748396,120.4843627095741,0.002470987616106868,-0.004018591251224279,0.002003205707296729
-0.009022282570589402,0.9768178934166383,0.0003824625687978601,-0.010063949237256065,179.99999999999937,0.0034280274994671345,494275,966.8032910042328,119.84922123389109,2827.01611328125,8.774470329284668,1472.5208740234375,3.9289252758026123,3272.598876953125,11.2218017578125,52,nan,nan,nan,nan,966.8032910042328,0.0023480323143303394,119.84922123389109,0.0024214889854192734,-0.00027573376428335905,-0.00579272024333477
-0.006938949237256062,0.9771701030382949,0.0003719778223188969,-0.007980615903922739,180.00000000000176,0.003417781088501215,471404,900.9777490845236,120.48355200461934,2823.475830078125,8.841440200805664,1489.1483154296875,3.9732143878936768,3264.447998046875,11.299110412597656,24,nan,nan,nan,nan,900.9777490845236,0.0023442418314516544,120.48355200461934,0.0024705359246581793,-0.00441577285528183,0.0020920655224472284
-0.004855615903922722,0.9762269849280375,0.0003823962475679636,-0.005897282570589385,179.99999999999937,0.0034280349500477314,494278,966.8031453021574,119.848579457803,2825.43115234375,8.772536277770996,1471.6199951171875,3.9286048412323,3270.482421875,11.219315528869629,52,nan,nan,nan,nan,966.8031453021574,0.0023490882012993097,119.848579457803,0.0024219644255936146,-0.0006758286035619676,-0.00675793644040823
-0.002772282570589396,0.976317955514249,0.00037184483859626716,-0.003813949237256059,179.99999999999937,0.0034177806228399277,471407,900.9780620927389,120.48407947768378,2820.87353515625,8.838167190551758,1488.290283203125,3.9728927612304688,3261.508544921875,11.294944763183594,24,nan,nan,nan,nan,900.9780620927389,0.002345476532354951,120.48407947768378,0.0024720896035432816,-0.004369682166725397,0.00232861191034317
-0.0006889492372560702,0.9765133007226663,0.0003824516247062391,-0.0017306159039227331,179.99999999999937,0.0034280435647815466,494281,966.8032436259447,119.84902640977495,2826.23828125,8.773444175720215,1470.5955810546875,3.9281952381134033,3271.352294921875,11.220474243164062,52,nan,nan,nan,nan,966.8032436259447,0.0023486907593905926,119.84902640977495,0.002421962097287178,-0.0006861978326924145,-0.006679187063127756
0.0013943840960772697,0.9769451884877738,0.00037182298509167534,0.0003527174294105928,180.00000000000176,0.0034177799243479967,471410,900.9779379072655,120.4831812802039,2822.740234375,8.837489128112793,1486.4307861328125,3.9724948406219482,3263.537109375,11.294084548950195,24,nan,nan,nan,nan,900.9779379072655,0.002343996660783887,120.4831812802039,0.0024700085632503033,-0.004233135841786861,0.0015781287802383304
0.0034777174294106095,0.9776274053414695,0.00038247183883090714,0.0024360507627439465,179.99999999999937,0.003428051481023431,494284,966.8032949283544,119.84832499844127,2829.254638671875,8.773612976074219,1468.9183349609375,3.927109479904175,3274.884765625,11.220691680908203,52,nan,nan,nan,nan,966.8032949283544,0.0023462180979549885,119.84832499844127,0.002419235184788704,-0.00022198382066562772,-0.006799696944653988
0.005561050762743935,0.9767577165822339,0.00037174958575959376,0.004519384096077272,179.99999999999937,0.0034177792258560658,471413,900.9779853932532,120.48405310213535,2821.452880859375,8.835531234741211,1486.202880859375,3.970162868499756,3262.7939453125,11.291587829589844,24,nan,nan,nan,nan,900.9779853932532,0.002344464883208275,120.48405310213535,0.0024709911085665226,-0.0046746814623475075,0.0023792546708136797
0.007644384096077261,0.976729120241038,0.0003824264601243843,0.006602717429410598,179.99999999999937,0.0034280603285878897,494287,966.8031974921329,119.84795019857378,2826.562255859375,8.772418975830078,1469.4088134765625,3.927522659301758,3271.854736328125,11.21917724609375,52,nan,nan,nan,nan,966.8031974921329,0.002347867004573345,119.84795019857378,0.0024214794393628836,-0.0006719781085848808,-0.006542269140481949
0.009727717429410601,0.9766493925033208,0.000371734453550942,0.008686050762743924,180.00000000000176,0.003417778294533491,471416,900.9775103433844,120.48363874853307,2821.262939453125,8.834965705871582,1485.4224853515625,3.9705941677093506,3262.305908203125,11.290871620178223,24,nan,nan,nan,nan,900.9775103433844,0.002344564301893115,120.48363874853307,0.00247088517062366,-0.004876198712736368,0.001543730846606195
0.011811050762743941,0.977165344323165,0.000382388070947683,0.010769384096077278,179.99999999999937,0.0034280680119991302,494290,966.8035946002132,119.84906886187011,2827.355712890625,8.771300315856934,1468.7999267578125,3.9258320331573486,3273.142333984375,11.217759132385254,52,nan,nan,nan,nan,966.8035946002132,0.0023470218293368816,119.84906886187011,0.0024205385707318783,-0.0004039585473947227,-0.006017088890075684
0.013894384096077267,0.9779086710628284,0.00037188445875612635,0.012852717429410604,179.99999999999937,0.003417777828872204,471419,900.9777513157784,120.48377433016132,2824.36279296875,8.838220596313477,1485.0968017578125,3.9702563285827637,3266.458984375,11.295025825500488,24,nan,nan,nan,nan,900.9777513157784,0.002343185944482684,120.48377433016132,0.002469457918778062,-0.004129920620471239,0.002014702884480357
0.015977717429410593,0.9789721968956369,0.00038259548443911627,0.01493605076274393,179.99999999999937,0.003428076393902302,494293,966.8028557074829,119.84849218218532,2832.054443359375,8.775472640991211,1467.8658447265625,3.9260990619659424,3279.044189453125,11.223069190979004,52,nan,nan,nan,nan,966.8028557074829,0.002344292588531971,119.84849218218532,0.0024175404105335474,-0.0005715732113458216,-0.006424588151276112
0.018061050762743933,0.9793408568134762,0.0003718893863533996,0.017019384096077256,180.00000000000176,0.003417777130380273,471422,900.9780127513106,120.48354195472369,2828.51513671875,8.838047981262207,1483.5794677734375,3.968876361846924,3271.061767578125,11.294800758361816,24,nan,nan,nan,nan,900.9780127513106,0.002339209895581007,120.48354195472369,0.0024655053857713938,-0.005390874110162258,0.001501957536675036
0.020144384096077272,0.9808077092536086,0.0003826815526491391,0.01910271742941061,179.99999999999937,0.0034280840773135424,494296,966.8041210987459,119.84894217931586,2837.052978515625,8.777382850646973,1466.744384765625,3.925548553466797,3285.16943359375,11.225531578063965,52,nan,nan,nan,nan,966.8041210987459,0.0023405433166772127,119.84894217931586,0.002414138987660408,8.157392585417256e-05,-0.006065709982067347
0.0222277174294106,0.9830188810024897,0.0003720971120340381,0.021186050762743935,179.99999999999937,0.0034177761990576982,471425,900.9782000838297,120.48326615820774,2838.084716796875,8.843066215515137,1482.989013671875,3.9699339866638184,3283.26123046875,11.301246643066406,24,nan,nan,nan,nan,900.9782000838297,0.002332586795091629,120.48326615820774,0.0024579267483204603,-0.004369099158793688,0.0016952749574556947
0.024311050762743938,0.9863094656718013,0.00038309450233150864,0.02326938409607726,180.00000000000176,0.0034280926920473576,494299,966.803708911975,119.85007661799678,2850.876953125,8.786687850952148,1467.4237060546875,3.9250776767730713,3303.400146484375,11.237439155578613,52,nan,nan,nan,nan,966.803708911975,0.0023316231090575457,119.85007661799678,0.0024048686027526855,-0.00020898935326840729,-0.004963232669979334
0.026394384096077278,0.9900394906280371,0.0003726330609816004,0.025352717429410615,179.99999999999937,0.003417775733396411,471428,900.9778004867187,120.48323414340169,2856.18505859375,8.855569839477539,1482.939697265625,3.9700961112976074,3306.563232421875,11.317224502563477,24,nan,nan,nan,nan,900.9778004867187,0.002321125939488411,120.48323414340169,0.002445544581860304,-0.0046626245602965355,0.001011917949654162
0.028477717429410604,0.9938834104689929,0.00038356175190639916,0.02743605076274394,179.99999999999937,0.003428100375458598,494302,966.8037223339154,119.84923178317214,2870.983154296875,8.797475814819336,1466.2447509765625,3.9253132343292236,3328.638671875,11.251260757446289,52,nan,nan,nan,nan,966.8037223339154,0.0023186104372143745,119.84923178317214,0.0023896372877061367,-5.7518140238244087e-05,-0.005697775166481733
0.03056105076274393,0.9968920819113497,0.00037304946540804476,0.029519384096077267,179.99999999999937,0.00341777503490448,471431,900.9787626517458,120.4836579146095,2874.02734375,8.865456581115723,1481.989990234375,3.967716693878174,3329.305908203125,11.329869270324707,24,nan,nan,nan,nan,900.9787626517458,0.0023095193319022655,120.4836579146095,0.0024326781276613474,-0.004705365747213364,0.0019608286675065756
0.03264438409607727,0.9994634992066506,0.00038399349734964807,0.03160271742941059,180.00000000000176,0.0034281087573617697,494305,966.804288092033,119.84858006832197,2885.61328125,8.807446479797363,1466.1688232421875,3.9243030548095703,3347.298095703125,11.264028549194336,52,nan,nan,nan,nan,966.804288092033,0.002309715375304222,119.84858006832197,0.0023801298812031746,-0.00023889720614533871,-0.006167639512568712
0.03472771742941061,1.000556478879894,0.0003733620502967852,0.033686050762743946,179.99999999999937,0.003417774336412549,471434,900.9787276647171,120.48316312386193,2883.79736328125,8.872639656066895,1481.3204345703125,3.968278408050537,3341.39990234375,11.339038848876953,24,nan,nan,nan,nan,900.9787276647171,0.002304188907146454,120.48316312386193,0.0024262394290417433,-0.004030989017337561,0.001803037361241877
0.036811050762743935,1.00036090152939,0.00038407824321383546,0.03576938409607727,179.99999999999937,0.0034281164407730103,494308,966.8038592166931,119.84893563226404,2888.222900390625,8.80921745300293,1465.188720703125,3.9243006706237793,3350.24658203125,11.266283988952637,52,nan,nan,nan,nan,966.8038592166931,0.002307949820533395,119.84893563226404,0.0023783317301422358,-0.000747904006857425,-0.006291407160460949
0.03889438409607726,1.0003565380825914,0.000373247160879677,0.0378527174294106,179.99999999999937,0.0034177731722593307,471437,900.9781735225134,120.48407870202524,2882.703125,8.870051383972168,1480.490966796875,3.968679904937744,3340.762939453125,11.3357515335083,24,nan,nan,nan,nan,900.9781735225134,0.002304087858647108,120.48407870202524,0.002425985410809517,-0.00413071783259511,0.002686820225790143
0.0409777174294106,1.000124667769915,0.0003839545861511601,0.039936050762743924,180.00000000000176,0.003428124124184251,494311,966.8043526001609,119.84929335036938,2887.00341796875,8.80650520324707,1465.017333984375,3.9239513874053955,3349.424072265625,11.262824058532715,52,nan,nan,nan,nan,966.8043526001609,0.0023082145489752293,119.84929335036938,0.0023786325473338366,-0.00027739969664253294,-0.005622180178761482
0.04306105076274394,0.9999850384999002,0.0003731607591012356,0.04201938409607728,179.99999999999937,0.0034177724737674,471440,900.9785395746495,120.48363213895693,2881.896484375,8.868001937866211,1479.4896240234375,3.9668946266174316,3339.469970703125,11.33313274383545,24,nan,nan,nan,nan,900.9785395746495,0.0023042154498398304,120.48363213895693,0.0024262024089694023,-0.004303572699427605,0.002069892594590783
0.04514438409607727,1.0002458925934492,0.00038398010129795886,0.044102717429410604,179.99999999999937,0.003428132040426135,494314,966.8039567054243,119.84967835611212,2887.16015625,8.807108879089355,1465.1143798828125,3.9238178730010986,3349.806396484375,11.263594627380371,52,nan,nan,nan,nan,966.8039567054243,0.0023081637918949127,119.84967835611212,0.0023785007651895285,-0.0009760322864167392,-0.004692357964813709
0.04722771742941059,1.0001154723117034,0.0003732247454483033,0.04618605076274393,179.99999999999937,0.003417771542444825,471443,900.9787200908667,120.482952741121,2882.25244140625,8.869321823120117,1478.8953857421875,3.9669981002807617,3339.944580078125,11.334800720214844,24,nan,nan,nan,nan,900.9787200908667,0.002303678309544921,120.482952741121,0.0024264343082904816,-0.004140258766710758,0.0010982920648530126
0.04931105076274393,1.0001440914481639,0.0003839086187158282,0.048269384096077256,180.00000000000176,0.003428140189498663,494317,966.804033616884,119.8482914696842,2887.916748046875,8.805940628051758,1463.9417724609375,3.9236927032470703,3349.5703125,11.26212215423584,52,nan,nan,nan,nan,966.804033616884,0.0023072203621268272,119.8482914696842,0.002377599012106657,-0.0006908238283358514,-0.006559386383742094
0.05139438409607727,0.9998996318129875,0.0003731216039433008,0.05035271742941061,179.99999999999937,0.0034177701454609632,471446,900.9785953804023,120.48424110332049,2881.4345703125,8.867290496826172,1479.5810546875,3.966756820678711,3339.269287109375,11.332229614257812,24,nan,nan,nan,nan,900.9785953804023,0.002304149093106389,120.48424110332049,0.0024262075312435627,-0.004250314552336931,0.002880810759961605
0.0534777174294106,0.9999107718042303,0.0003838577278863044,0.052436050762743935,179.99999999999937,0.003428148105740547,494320,966.8041550855582,119.84883173276255,2887.087158203125,8.80496883392334,1463.3089599609375,3.923565149307251,3348.899169921875,11.260876655578613,52,nan,nan,nan,nan,966.8041550855582,0.0023072431795299053,119.84883173276255,0.0023778690956532955,6.858800043119118e-05,-0.006406997796148062
0.05556105076274394,1.0001279469737607,0.0003731555537774349,0.05451938409607726,180.00000000000176,0.0034177694469690323,471449,900.978250184781,120.48372715824912,2881.90673828125,8.868130683898926,1478.9365234375,3.9666736125946045,3340.113037109375,11.333292961120605,24,nan,nan,nan,nan,900.978250184781,0.0023038224317133427,120.48372715824912,0.0024263758677989244,-0.005115189589560032,0.001755644683726132
0.05764438409607728,1.0002563211906765,0.00038385741627454764,0.056602717429410615,179.99999999999937,0.0034281553234905005,494323,966.8043112365709,119.84903631671382,2887.9150390625,8.80504322052002,1462.841796875,3.9224891662597656,3350.06982421875,11.260951042175293,52,nan,nan,nan,nan,966.8043112365709,0.0023073654156178236,119.84903631671382,0.002377081895247102,-0.0006376410601660609,-0.006444110535085201
0.059727717429410604,0.9997214172393475,0.0003730965300174733,0.05868605076274394,179.99999999999937,0.0034177687484771013,471452,900.9785635591148,120.4831556710775,2881.45703125,8.86689567565918,1478.2615966796875,3.966696262359619,3338.799560546875,11.331707000732422,24,nan,nan,nan,nan,900.9785635591148,0.0023040573578327894,120.4831556710775,0.0024259903002530336,-0.004615578800439835,0.001470155781134963
0.06181105076274393,1.0002010123858158,0.00038394682305122936,0.06076938409607727,179.99999999999937,0.0034281634725630283,494326,966.8038201509914,119.8485788300723,2887.892822265625,8.80734920501709,1462.87109375,3.9246294498443604,3350.04833984375,11.263891220092773,52,nan,nan,nan,nan,966.8038201509914,0.0023078385274857283,119.8485788300723,0.002377773867920041,-0.00045283406507223845,-0.005948296282440424
0.06389438409607727,0.9996740995527424,0.00037301632008683247,0.06285271742941059,180.00000000000176,0.0034177680499851704,471455,900.9781089436306,120.483142969614,2881.29541015625,8.865372657775879,1477.6324462890625,3.9654159545898438,3338.69677734375,11.32977294921875,24,nan,nan,nan,nan,900.9781089436306,0.002303348621353507,120.483142969614,0.00242577213793993,-0.0050462763756513596,0.0014876750065013766
0.06597771742941061,0.9999494380096707,0.00038592095426158364,0.06493605076274395,179.99999999999937,0.0034284344874322414,497564,975.7213552846932,119.76266283538098,2887.6728515625,8.797937393188477,1460.43798828125,3.9172208309173584,3350.505615234375,11.253008842468262,53,nan,nan,nan,nan,975.7213552846932,0.0023087637964636087,119.76266283538098,0.0023723666090518236,-0.000386531901312992,-0.007464507129043341
0.06806105076274394,0.9999268243050707,0.0003730205930093262,0.06701938409607727,179.99999999999937,0.003417766187340021,471458,900.9786882498562,120.4843379374009,2881.5419921875,8.865824699401855,1476.833984375,3.964791774749756,3339.674072265625,11.330353736877441,24,nan,nan,nan,nan,900.9786882498562,0.0023032259196043015,120.4843379374009,0.002425766084343195,-0.004719308577477932,0.002995979506522417
0.07014438409607726,0.9998378970589962,0.000383698934075972,0.0691027174294106,179.99999999999937,0.003428179072216153,494332,966.8042451889586,119.84913218442959,2887.20703125,8.802949905395508,1462.2391357421875,3.922055721282959,3349.145263671875,11.258305549621582,52,nan,nan,nan,nan,966.8042451889586,0.00230708671733737,119.84913218442959,0.002377303782850504,-0.00025093878502957523,-0.0062545607797801495
0.0722277174294106,1.000110769663133,0.00037296977639386675,0.07118605076274392,180.00000000000176,0.00341776548884809,471461,900.977972553949,120.48321187751552,2882.74560546875,8.864893913269043,1475.802490234375,3.9647014141082764,3340.4345703125,11.32916259765625,24,nan,nan,nan,nan,900.977972553949,0.0023023292887955904,120.48321187751552,0.0024249046109616756,-0.0053822435438632965,0.0013842449989169836
0.07431105076274394,0.9998188894223062,0.0003837225618788294,0.07326938409607728,179.99999999999937,0.003428187221288681,494335,966.8042041181918,119.8486241360461,2887.35595703125,8.803646087646484,1461.521240234375,3.921724796295166,3349.156494140625,11.25917911529541,52,nan,nan,nan,nan,966.8042041181918,0.0023069281596690416,119.8486241360461,0.0023775233421474695,0.0003756398509722203,-0.006235677283257246
0.07639438409607727,0.999854234190464,0.0003748349709268966,0.0753527174294106,179.99999999999937,0.0034174779430031776,474230,908.4578777623282,120.41198981365099,2882.07666015625,8.857833862304688,1475.1890869140625,3.9601547718048096,3340.644287109375,11.321083068847656,24,nan,nan,nan,nan,908.4578777623282,0.00230391975492239,120.41198981365099,0.002419830998405814,-0.004604191053658724,0.0018362284172326326
0.07847771742941059,1.0002046763641668,0.00038373849288941006,0.07743605076274393,179.99999999999937,0.003428194671869278,494338,966.8039312500271,119.84902648902612,2888.005615234375,8.804242134094238,1460.7762451171875,3.9222772121429443,3350.57080078125,11.25993537902832,52,nan,nan,nan,nan,966.8039312500271,0.0023064701817929745,119.84902648902612,0.002377148484811187,0.0002347118133911863,-0.005837456323206425
0.08056105076274393,1.0000110147799701,0.0003729563315159218,0.07951938409607726,180.00000000000176,0.00341776292771101,471467,900.9784956497954,120.48390566463443,2882.3974609375,8.8650541305542,1475.4173583984375,3.9635260105133057,3340.247802734375,11.329360008239746,24,nan,nan,nan,nan,900.9784956497954,0.002302776789292693,120.48390566463443,0.002425186801701784,-0.004186388570815325,0.0020250394009053707
0.08264438409607727,0.9997872879658826,0.00038371696391547173,0.08160271742941061,179.99999999999937,0.003428202122449875,494341,966.8035930541745,119.84927247771509,2886.867431640625,8.803812980651855,1461.786865234375,3.922011137008667,3349.146240234375,11.259383201599121,52,nan,nan,nan,nan,966.8035930541745,0.0023072410840541124,119.84927247771509,0.002377517055720091,-0.0008528641192242503,-0.0058939154259860516
0.0847277174294106,0.9998505339181163,0.00037296038099633174,0.08368605076274394,179.99999999999937,0.0034177619963884354,471470,900.9787758022596,120.48369831106955,2882.1796875,8.86526107788086,1474.687744140625,3.964150905609131,3339.813720703125,11.32961654663086,24,nan,nan,nan,nan,900.9787758022596,0.0023025537375360727,120.48369831106955,0.0024253756273537874,-0.0035033293534070253,0.002299026818946004
0.08681105076274392,0.999668479731204,0.00038361313727585685,0.08576938409607726,179.99999999999937,0.003428209573030472,494344,966.8035380955881,119.84919049113661,2886.67431640625,8.801518440246582,1460.531494140625,3.921233654022217,3348.774169921875,11.256463050842285,52,nan,nan,nan,nan,966.8035380955881,0.0023072571493685246,119.84919049113661,0.002376933814957738,-0.001163116074167192,-0.005831852089613676
0.08889438409607725,1.0000580710253641,0.00037297446582126447,0.08785271742941059,179.99999999999937,0.003417760832235217,471473,900.9785103171291,120.48390838782555,2882.375732421875,8.865585327148438,1473.744873046875,3.9641432762145996,3340.55810546875,11.330025672912598,24,nan,nan,nan,nan,900.9785103171291,0.002302667358890176,120.48390838782555,0.0024251502472907305,-0.0041060238145291805,0.002823718823492527
0.0909777174294106,0.9997999484126162,0.0003857214922835288,0.08993605076274391,180.00000000000415,0.0034281588159501553,497700,975.7212151672888,119.763223882259,2887.702880859375,8.795470237731934,1459.7725830078125,3.915940999984741,3350.67919921875,11.249866485595703,53,nan,nan,nan,nan,975.7212151672888,0.0023078289814293385,119.763223882259,0.0023712716065347195,-0.0005131450016051531,-0.006778260227292776
0.09306105076274396,1.0004263295525737,0.0003748547964983713,0.0920193840960773,179.99999999999937,0.0034175787586718798,474310,908.4575828328232,120.41228656320968,2884.004150390625,8.859672546386719,1473.14208984375,3.9577431678771973,3343.179931640625,11.323424339294434,24,nan,nan,nan,nan,908.4575828328232,0.0023029418662190437,120.41228656320968,0.002419525757431984,-0.0050976951606571674,0.0022782215382903814
0.09514438409607728,0.9996835925168345,0.00038773843557859917,0.09410271742941062,179.99999999999937,0.003428106661885977,501143,984.8730232895502,119.67612168961645,2888.088623046875,8.787079811096191,1457.248046875,3.9107859134674072,3351.872314453125,11.240309715270996,53,nan,nan,nan,nan,984.8730232895502,0.002308996394276619,119.67612168961645,0.0023643923923373222,-6.754810601705685e-05,-0.006307119503617287
0.09722771742941061,1.0002863304088763,0.00037471524671578156,0.09618605076274395,179.99999999999937,0.003417577827349305,474313,908.4575651173855,120.41168914739582,2883.681884765625,8.856730461120605,1472.2620849609375,3.9583921432495117,3342.7548828125,11.319669723510742,24,nan,nan,nan,nan,908.4575651173855,0.0023023500107228756,120.41168914739582,0.0024182971101254225,-0.004891936667263508,0.0015747655415907502
0.09931105076274394,1.000586917448358,0.000387835958040363,0.09826938409607727,179.99999999999937,0.003428114578127861,501146,984.8728302985552,119.67589562176087,2890.2021484375,8.789559364318848,1457.1490478515625,3.9116973876953125,3355.013427734375,11.243485450744629,53,nan,nan,nan,nan,984.8728302985552,0.002308199880644679,119.67589562176087,0.00236348994076252,-0.0005977750406600535,-0.006451358553022146
0.10139438409607726,0.999708147803948,0.0003746709495050088,0.1003527174294106,179.99999999999937,0.0034175768960267305,474316,908.4575128546136,120.41144806238947,2882.541259765625,8.856067657470703,1472.7366943359375,3.957836389541626,3340.980712890625,11.318830490112305,24,nan,nan,nan,nan,908.4575128546136,0.002303363988175988,120.41144806238947,0.0024192738346755505,-0.0050834110006690025,0.0015143782366067171
0.10347771742941059,1.000464815583506,0.00038777659413947795,0.10243605076274392,179.99999999999937,0.003428122727200389,501149,984.8733798732972,119.67585492559255,2890.206787109375,8.78827953338623,1456.9383544921875,3.9103634357452393,3354.658447265625,11.241836547851562,53,nan,nan,nan,nan,984.8733798732972,0.0023077011574059725,119.67585492559255,0.002363515319302678,-0.00028529667179100215,-0.006627973634749651
0.10556105076274391,1.0002035150716733,0.0003747020163126837,0.10451938409607725,179.99999999999937,0.0034175754990428686,474319,908.4578686758051,120.41280275607016,2883.54150390625,8.857160568237305,1472.315185546875,3.959212303161621,3342.782470703125,11.32024097442627,24,nan,nan,nan,nan,908.4578686758051,0.0023022438399493694,120.41280275607016,0.002418437972664833,-0.004440958146005869,0.002730390289798379
0.10764438409607727,0.9998572146685343,0.00038768606099200435,0.10660271742941058,180.00000000000415,0.003428130177780986,501152,984.872666918667,119.67534171878162,2888.410400390625,8.786369323730469,1456.7366943359375,3.909282922744751,3352.65380859375,11.239392280578613,53,nan,nan,nan,nan,984.872666918667,0.002308204770088196,119.67534171878162,0.00236416794359684,-0.001501130172982812,-0.007056808564811945
0.10972771742941062,0.9996329166204285,0.00037739512597992033,0.10868605076274396,179.99999999999937,0.003417067462578416,470805,898.9320693304063,120.50384286844702,2882.047119140625,8.864359855651855,1474.0093994140625,3.963920831680298,3339.408447265625,11.328207969665527,24,nan,nan,nan,nan,898.9320693304063,0.002301950938999653,120.50384286844702,0.002425817307084799,-0.004395919386297464,0.0029801868367940187
0.11181105076274395,0.999811521588005,0.0003939077137772113,0.11076938409607728,179.99999999999937,0.003427299205213785,494085,965.8264243757634,119.85848722302904,2888.18896484375,8.80382251739502,1460.9451904296875,3.9223809242248535,3349.54345703125,11.259270668029785,55,nan,nan,nan,nan,965.8264243757634,0.00230563897639513,119.85848722302904,0.002376919612288475,-0.0010278014233335853,-0.005888401530683041
0.11389438409607727,1.0000868760314305,0.0003774251235986698,0.11285271742941061,179.99999999999937,0.003417066065594554,470808,898.9320497094213,120.50363104053224,2883.235595703125,8.865230560302734,1473.5208740234375,3.9634532928466797,3340.983154296875,11.329322814941406,24,nan,nan,nan,nan,898.9320497094213,0.002301163040101528,120.50363104053224,0.002425319515168667,-0.005329506006091833,0.0023432052694261074
0.1159777174294106,0.9999862818170386,0.00039393518941851146,0.11493605076274394,179.99999999999937,0.0034273068886250257,494088,965.8275933747681,119.85900591308305,2888.492919921875,8.804583549499512,1460.395751953125,3.9216575622558594,3350.164794921875,11.260249137878418,55,nan,nan,nan,nan,965.8275933747681,0.0023057814687490463,119.85900591308305,0.002376999706029892,-6.148809188744053e-05,-0.004840816371142864
0.11806105076274392,0.9999023897470151,0.00037744237794156164,0.11701938409607726,179.99999999999937,0.0034170642029494047,470811,898.9319366047117,120.50406392944687,2882.459228515625,8.865744590759277,1473.251953125,3.964029550552368,3340.40087890625,11.329980850219727,24,nan,nan,nan,nan,898.9319366047117,0.0023020461667329073,120.50406392944687,0.002426053397357464,-0.0052201952785253525,0.003412152174860239
0.12014438409607725,1.000593578566134,0.000387714767808724,0.11910271742941059,179.99999999999937,0.003428154392167926,501161,984.8730314117814,119.67539034986861,2890.822998046875,8.787300109863281,1456.0250244140625,3.9103810787200928,3355.153564453125,11.24058723449707,53,nan,nan,nan,nan,984.8730314117814,0.0023064727429300547,119.67539034986861,0.0023617262486368418,-0.00049095373833552,-0.006875744555145502
0.1222277174294106,1.0001156751426854,0.0003745866922108763,0.12118605076274391,180.00000000000415,0.0034175701439380646,474331,908.458778211511,120.41199615030342,2883.822265625,8.854844093322754,1470.1219482421875,3.9570887088775635,3342.665283203125,11.31727123260498,24,nan,nan,nan,nan,908.458778211511,0.0023021444212645292,120.41199615030342,0.0024177420418709517,-0.004466225393116474,0.0016705889720469713
0.12431105076274396,0.999845216384086,0.00038758963218703577,0.1232693840960773,179.99999999999937,0.00342816230840981,501164,984.8723415266684,119.67555952839156,2888.310302734375,8.784466743469238,1455.7177734375,3.908322334289551,3352.661376953125,11.236964225769043,53,nan,nan,nan,nan,984.8723415266684,0.002307912101969123,119.67555952839156,0.002363408450037241,-0.0013313895324245095,-0.006082605570554733
0.12639438409607728,0.9999488442448289,0.0003746138843778374,0.12535271742941062,179.99999999999937,0.00341756921261549,474334,908.4588368251044,120.41235727695073,2883.150146484375,8.855219841003418,1469.644287109375,3.956209897994995,3342.033447265625,11.317730903625488,24,nan,nan,nan,nan,908.4588368251044,0.002302862936630845,120.41235727695073,0.0024186212103813887,-0.0040019298903644085,0.002238085027784109
0.1284777174294106,1.000026491585032,0.0003875245900167301,0.12743605076274395,179.99999999999937,0.0034281702246516943,501167,984.8725044658322,119.67655375124023,2888.577392578125,8.783270835876465,1455.0435791015625,3.9080841541290283,3353.275634765625,11.235462188720703,53,nan,nan,nan,nan,984.8725044658322,0.0023072604089975357,119.67655375124023,0.0023628859780728817,-0.0007906866958364844,-0.005249953828752041
0.13056105076274394,0.9994899666017268,0.0003745919625346812,0.12951938409607727,179.99999999999937,0.0034175675828009844,474337,908.4581607264312,120.41204560900094,2881.8740234375,8.854940414428711,1470.3431396484375,3.9571311473846436,3340.576171875,11.317398071289062,24,nan,nan,nan,nan,908.4581607264312,0.0023032017052173615,120.41204560900094,0.0024194943252950907,-0.00425763102248311,0.0022773074451833963
0.13264438409607726,0.9999885396884424,0.0003876151682179895,0.1316027174294106,179.99999999999937,0.003428177908062935,501170,984.8728291005609,119.67570443871745,2888.775390625,8.78493595123291,1454.6005859375,3.909074068069458,3353.14990234375,11.237568855285645,53,nan,nan,nan,nan,984.8728291005609,0.002307810354977846,119.67570443871745,0.0023632559459656477,-0.0005929440376348794,-0.006184212397783995
0.1347277174294106,0.9997358332497372,0.00037458095265158865,0.13368605076274392,179.99999999999937,0.0034175666514784098,474340,908.4584304406256,120.41242386751765,2882.245361328125,8.854484558105469,1469.958984375,3.957119941711426,3341.34033203125,11.316812515258789,24,nan,nan,nan,nan,908.4584304406256,0.0023022580426186323,120.41242386751765,0.0024190929252654314,-0.004251568112522364,0.0024861469864845276
0.1368110507627439,1.000270707983787,0.00038766106924014284,0.13576938409607725,179.99999999999937,0.003428185358643532,501173,984.8726191368747,119.67591758700337,2889.5068359375,8.785794258117676,1454.2730712890625,3.909970283508301,3353.931884765625,11.238656997680664,53,nan,nan,nan,nan,984.8726191368747,0.002307480899617076,119.67591758700337,0.002362550236284733,-0.0006460276781581342,-0.006468883249908686
0.13889438409607727,1.0005076965472315,0.0003746750379192115,0.13785271742941058,180.00000000000415,0.0034175654873251915,474343,908.4581992542453,120.41206720256491,2884.7060546875,8.856388092041016,1469.0347900390625,3.9570720195770264,3343.80615234375,11.319231986999512,24,nan,nan,nan,nan,908.4581992542453,0.0023006098344922066,120.41206720256491,0.0024177993182092905,-0.004696227144449949,0.0020446954295039177
0.14097771742941062,0.9999308299680543,0.0003876277125098144,0.13993605076274396,179.99999999999937,0.003428193973377347,501176,984.8735694524868,119.67544810793721,2888.919921875,8.785144805908203,1454.20068359375,3.9087636470794678,3352.78955078125,11.237847328186035,53,nan,nan,nan,nan,984.8735694524868,0.002307954477146268,119.67544810793721,0.0023629525676369667,0.000260775675997138,-0.005937134847044945
0.14306105076274395,1.0001941150539853,0.00037462089570469936,0.14201938409607728,179.99999999999937,0.0034175636246800423,474346,908.4571805460595,120.41194114413327,2883.52099609375,8.854962348937988,1469.45068359375,3.9562771320343018,3342.720947265625,11.317418098449707,24,nan,nan,nan,nan,908.4571805460595,0.0023022291716188192,120.41194114413327,0.0024184659123420715,-0.005026380531489849,0.0019527547992765903
0.14514438409607727,0.9997010361153584,0.0003906798456297881,0.1441027174294106,179.99999999999937,0.003429057542234659,497525,975.4774889558681,119.76587029976918,2887.8935546875,8.793340682983398,1456.268798828125,3.91506028175354,3350.655517578125,11.247113227844238,54,nan,nan,nan,nan,975.4774889558681,0.002307518618181348,119.76587029976918,0.002369921887293458,-0.0007045177044346929,-0.006424536928534508
0.1472277174294106,0.9996137673117008,0.00037457749523173807,0.14618605076274394,179.99999999999937,0.0034175622276961803,474349,908.4584756139553,120.41292234459583,2881.86962890625,8.853718757629395,1468.7252197265625,3.9565794467926025,3340.651611328125,11.315825462341309,24,nan,nan,nan,nan,908.4584756139553,0.002302608685567975,120.41292234459583,0.002419110620394349,-0.004352820571511984,0.002649265341460705
0.14931105076274392,1.0004616603406102,0.00038756815873429375,0.14826938409607726,179.99999999999937,0.003428208874538541,501182,984.8731468332993,119.67612310909944,2889.82470703125,8.783597946166992,1452.685302734375,3.908174991607666,3354.466552734375,11.235854148864746,53,nan,nan,nan,nan,984.8731468332993,0.002306611742824316,119.67612310909944,0.002361813560128212,-0.0008277499000541866,-0.006215479224920273
0.15139438409607725,1.0003328270880314,0.00037453156957691097,0.1503527174294106,179.99999999999937,0.0034175605978816748,474352,908.4582756659346,120.41158308533798,2884.25244140625,8.852633476257324,1467.7845458984375,3.95577335357666,3342.997314453125,11.314453125,24,nan,nan,nan,nan,908.4582756659346,0.002300879918038845,120.41158308533798,0.0024168877862393856,-0.004530923441052437,0.0015472595114260912
0.1534777174294106,0.9993863989396424,0.0003875495727499199,0.1524360507627439,180.00000000000415,0.003428216092288494,501185,984.873205129754,119.67580494573929,2887.284423828125,8.7832612991333,1453.5328369140625,3.9076638221740723,3350.92529296875,11.235420227050781,53,nan,nan,nan,nan,984.873205129754,0.002308518160134554,119.67580494573929,0.0023642913438379765,-0.000502734212204814,-0.006136950105428696
0.15556105076274396,1.0001175347576223,0.00037451037925037437,0.1545193840960773,179.99999999999937,0.0034175594337284565,474355,908.4576749598442,120.41265555613688,2882.68701171875,8.851771354675293,1468.0240478515625,3.9555087089538574,3342.102294921875,11.313337326049805,24,nan,nan,nan,nan,908.4576749598442,0.0023018873762339354,120.41265555613688,0.0024172200355678797,-0.004941823426634073,0.0029674358665943146
0.15764438409607728,1.0000747270470964,0.00038755751250206554,0.15660271742941062,179.99999999999937,0.0034282247070223093,501188,984.8732227628906,119.67545618521966,2889.236328125,8.783733367919922,1452.730712890625,3.9066905975341797,3353.22216796875,11.236030578613281,53,nan,nan,nan,nan,984.8732227628906,0.0023075207136571407,119.67545618521966,0.0023627765476703644,-0.0001470107090426609,-0.00683162547647953
0.1597277174294106,0.999478985731132,0.00037459615528773877,0.15868605076274395,179.99999999999937,0.0034175575710833073,474358,908.4580786948949,120.41250717872855,2881.389404296875,8.85366153717041,1468.10009765625,3.956338882446289,3339.980712890625,11.315741539001465,24,nan,nan,nan,nan,908.4580786948949,0.002302841516211629,120.41250717872855,0.002419644733890891,-0.004362132400274277,0.003314817091450095
0.16181105076274394,1.0000924911973101,0.0003875241603887567,0.16076938409607727,179.99999999999937,0.0034282321576029062,501191,984.8731973059297,119.67579430408772,2889.341064453125,8.783571243286133,1452.8673095703125,3.9064748287200928,3353.424072265625,11.235827445983887,53,nan,nan,nan,nan,984.8731973059297,0.0023070622701197863,119.67579430408772,0.0023626380134373903,-0.000872708682436496,-0.006349426228553057
0.16389438409607726,1.0003493529699876,0.0003744915887020396,0.1628527174294106,179.99999999999937,0.0034175566397607327,474361,908.4582682916244,120.41235415304601,2883.753662109375,8.851561546325684,1467.932373046875,3.9541821479797363,3342.802001953125,11.313082695007324,24,nan,nan,nan,nan,908.4582682916244,0.002300785854458809,120.41235415304601,0.002416773699223995,-0.004658174235373735,0.0024074658285826445
0.1659777174294106,0.9999719290316607,0.00046640185464783316,0.16493605076274392,179.99999999999937,0.0034226609859615564,487187,944.9832389115996,120.06004938482221,2886.111328125,8.81851577758789,1460.5823974609375,3.9331209659576416,3347.15771484375,11.275467872619629,38,nan,nan,nan,nan,944.9832389115996,0.0023035546764731407,120.06004938482221,0.002390229143202305,-0.0023954669013619423,-0.0013595116324722767
